ticker,age_years,last_close,score_total,score_long_coil,score_tight_resistance,score_ascending_compression,pos_in_10y_range,dist_to_10y_high_pct,range_ratio_24_120,range_ratio_24_60,low_36m_above_10y_low_pct,slope_high_60m,slope_low_60m,trend_r2_60m,peak_age_months,old_peak_similarity
LIN,33.916666666666664,499.6499938964844,0.6607028367616871,0.854985003321962,0.7739015380687312,0.6783816027113754,0.9727951721332863,0.02154117327225475,0.30387791519518637,0.4950842080074645,2.297902494168332,0.055378608299223635,0.05488790077103586,0.8340043232945907,25.0,0.9354939727110158
PFG,24.583333333333332,94.13999938964844,0.6284857519031818,0.7802688770956399,0.523234433764279,0.5424347226576712,0.9498458096454754,0.038210032373483034,0.39546732920411226,0.7519122849114124,1.795795781298213,0.041012513464424125,0.04887746804611369,0.5108860985298689,41.0,0.9825296369793989
AIG,41.333333333333336,77.0199966430664,0.6173294026362439,0.8878079635639551,0.5445742404539151,0.6576772569741377,0.8465277353922526,0.12546841251331592,0.2648611068725586,0.43808867975190535,2.0460486429694913,0.05509576572002892,0.054583460503838756,0.7734084882393044,304.0,23.5608039876256
UNP,41.333333333333336,252.0399932861328,0.612289543858556,0.7361574059267253,0.4059765505028911,0.7029391552474158,0.8643195356328625,0.09643654162125426,0.3201856668129615,0.6664568082554134,1.363782920085497,0.007206507610813679,0.04235208958867454,0.08661441874821862,49.0,1.0
GWW,41.333333333333336,1155.4200439453125,0.6029951952379958,0.8239499354753674,0.7217661059880656,0.6962842620378328,0.9326534149381074,0.058843644187411524,0.328790150162207,0.42161391613186117,3.1416129819808467,0.05590108962016389,0.05607373351179932,0.8989387980936784,25.0,0.8423993816838456
SPG,32.416666666666664,202.9600067138672,0.5907489073153448,0.7771233202458745,0.39487860179825496,0.5667682743504231,0.8601016936806158,0.11409864117523177,0.3681027376643086,0.5774978980729533,1.3708875306259245,0.03740114568538758,0.05101907582948016,0.5638146951557332,117.0,1.0
GRMN,25.416666666666668,264.4800109863281,0.5818144690827328,0.6463740665345157,0.5634142035755166,0.5042794848699829,0.996769568961473,0.0027524621706179037,0.5054210586458117,0.604797703262835,1.441131417384539,0.037701635260621716,0.04230009425318562,0.5715909636113483,0.0,0.6742204416113825
ALL,32.916666666666664,214.8800048828125,0.5817980725955605,0.6590188113834572,0.7047461441082056,0.6090031855763235,0.9877473785641812,0.008627428452998846,0.39372294100706506,0.5172146340166056,0.5682208639025645,0.052905848590171084,0.04901046390266975,0.7584451830272344,24.0,0.8162860100382064
WM,37.916666666666664,227.08999633789062,0.5795027957572015,0.7902495488507124,0.6137860805857857,0.677550532322879,0.8887948835313676,0.08479429384148324,0.28551798607538753,0.4859661973083804,1.5404718469128917,0.05528779975388607,0.055002040021635425,0.8324391120923444,25.0,0.8646273689772276
REG,32.583333333333336,79.56999969482422,0.5787304976983212,0.7047601203149372,0.39181945425312337,0.6387585623350124,0.8920635133212721,0.06772113512163007,0.4074696546349,0.7812387918513806,0.7207547966520392,0.015303747358705449,0.04609308787451189,0.22178513160392066,230.0,1.095371992210598
FCX,30.833333333333332,68.2699966430664,0.5720665552969403,0.7707048933423406,0.4646355231318138,0.40464865945547696,0.9772061703242505,0.02121868612091174,0.6482365665157104,0.9363737361110439,4.738588975584652,0.036728058862728376,0.03592973189109539,0.27290719333057734,215.0,0.9121146800270218
VTR,29.0,85.33999633789062,0.5713964474465916,0.787185103011341,0.44285379060545893,0.40609431812057806,0.9596106863081026,0.03428772563672462,0.5962410283491949,0.8433258405890974,1.9460674687055532,0.032666921732713065,0.03595036564905812,0.4247244488276467,155.0,1.0868945447111256
EQIX,25.75,1057.3699951171875,0.5658552473379903,0.6768993853593652,0.5206472989591291,0.4618539042028894,0.9963784320713271,0.0025469556809214274,0.5042520020509883,0.6651508848684026,1.1391830583242313,0.04111194463950283,0.03804241562053438,0.28220178348116864,25.0,0.8630845501078812
CSX,41.333333333333336,42.5099983215332,0.5615056248526048,0.7409094274571207,0.47890840923757994,0.39009564254641377,0.976140876971565,0.019377166831720895,0.4865555752514623,0.9760683706807789,2.21981158237638,0.02422631915968931,0.01529315391244082,0.14942051957970837,26.0,0.9254902040154728
AMZN,29.0,249.02000427246094,0.5572423457979153,0.6635115165286574,0.5287233965256982,0.4285438846446598,0.957573066697378,0.03704563652337999,0.4738264049586197,0.6038832871910794,2.0838415816665643,0.04015060889658869,0.024830897796767625,0.4961017946535875,0.0,0.7338360394179474
TT,41.333333333333336,470.57000732421875,0.5563068663471635,0.7076598629143609,0.6768850047977097,0.620952671446762,0.9797011034328206,0.018357402179119475,0.41801945039314514,0.5051710294065916,2.534171827172758,0.0530774464958503,0.052275568560762174,0.8394091925767553,0.0,0.6823330614548158
MOS,38.333333333333336,23.940000534057617,0.5554417285008798,0.8,0.48495466705522977,0.26283038012619714,0.2396262823106646,0.6980322792296852,0.21805439953372427,0.2788123584400113,2.4400000939002404,-0.028460354384856345,-0.0033965592194426424,0.3909182755129669,214.0,2.0591574484563564
CNP,41.333333333333336,42.900001525878906,0.5503785771389039,0.7505485610030189,0.44115884672334643,0.47751250132077266,0.9522651373392447,0.035304691965992153,0.5795074679742027,0.9123982857785118,1.194300519414849,0.048224247107605527,0.04903874797659758,0.6595028407741184,299.0,0.9563604477924338
YUM,28.666666666666668,161.57000732421875,0.5458467930952783,0.667659792088919,0.4726685383202042,0.5578987518630125,0.9316673177274524,0.04616560655060475,0.41296751750572397,0.7224091020941767,1.1024567274840709,0.05050521218540841,0.05322028733729706,0.6534577964689163,35.0,0.8456815663035779
JCI,38.666666666666664,142.0500030517578,0.5325017394580777,0.7131687073208579,0.44948458057532303,0.45394256139785566,0.9641095928469943,0.030309251654806184,0.7005092579023412,0.8582747285367186,1.1027216892912426,0.03987010542141095,0.045788512279571134,0.5102132164248141,303.0,0.8984174462460766
MSCI,18.5,545.6900024414062,0.5294859949194999,0.6223369577418596,0.2692113965560038,0.7453088921126187,0.7794654650363485,0.19733761559512264,0.3020679517796259,0.6055893315589743,5.152286380426928,-0.0016781270913812827,0.05294108413936096,0.07896864463666997,53.0,1.0
BG,24.75,122.33000183105469,0.5288291747043159,0.7386046484538775,0.3246396910678502,0.47905369379606916,0.9067328132921807,0.07276579532842542,0.6269308825578672,1.0,1.3241379836509968,0.01108262131397889,0.019281774282511988,0.005644493144849938,219.0,1.023269972672274
NSC,41.333333333333336,299.70001220703125,0.5259008678290882,0.692625844000962,0.36010459147243246,0.49125569285340803,0.9160897545242854,0.0632618305930086,0.490485460833492,0.8645231441867974,1.3255428493737802,-0.005742797107584242,-0.011303576622507722,0.05658220137925396,52.0,0.9351753763952249
NUE,41.333333333333336,190.0399932861328,0.5231402401734733,0.7239703703717507,0.36377248170408083,0.4249268937133785,0.9261411821702741,0.06384239760525708,0.5659656804423067,0.8266877535100264,2.5448599311234466,0.03375875284252854,0.03755435591712618,0.2508765463368521,24.0,1.0
BAC,41.333333333333336,53.349998474121094,0.5209380444523273,0.7124046765057975,0.32548197523593825,0.48822993006971965,0.9076922889896495,0.07298003160067416,0.5380219792381115,0.7511506421485068,1.0713691858415217,0.01691333097210464,0.026407869484459636,0.23557923432181227,233.0,0.9570808438097207
HIG,30.416666666666668,138.77000427246094,0.5151111630087415,0.6990116870510106,0.6238075740813338,0.6213705911467615,0.9543281064135746,0.03965394967155061,0.3841065103863085,0.5693525849351546,2.5215336043958776,0.05412540720112194,0.05452119646659967,0.8754489865518618,0.0,0.7351557325739349
SYK,41.333333333333336,345.8800048828125,0.5091055551311164,0.7197581682300763,0.426513073742812,0.5849060412952388,0.7987721539393969,0.14847730666953968,0.30449437804677165,0.4198758095371817,1.3476708099790013,0.05488913198955804,0.051110362298593615,0.7347767649694413,25.0,0.8897560291731786
LH,36.166666666666664,268.8699951171875,0.5070791178114851,0.638030483192888,0.2851834928934284,0.6082108080865198,0.8813900935088029,0.08460440555712502,0.48565613767684024,0.83659626915256,1.1326259403830061,0.01237866745467723,0.04282783660263689,0.1813132935518308,52.0,0.9276958241559119
PPL,41.333333333333336,39.61000061035156,0.5007185032351332,0.6349133660160458,0.47553896594566675,0.37953922508789,0.9732789785042326,0.014676620432599947,0.5828804748054189,0.7185930178046896,0.22516554827481272,0.04624440893896042,0.029685021789393647,0.5429692951652314,219.0,1.2796323922450052
PCAR,46.166666666666664,125.43000030517578,0.5001826705624557,0.7247840326941002,0.5035012476840287,0.5749453032831546,0.9353491044358032,0.048908131170969704,0.4734046275118404,0.5863681478422722,1.129956364204821,0.05300313001765056,0.05282997318192471,0.820040146394711,25.0,0.9516226520579695
EBAY,27.666666666666668,100.4000015258789,0.49818787537751386,0.5559899729788116,0.4847034394491516,0.45860693122553,0.9882323133664371,0.009177936330509008,0.6682272509162779,0.8073688796302992,0.6668161184136812,0.016310450007611044,0.0239054695911244,0.2745039029099152,54.0,0.8012434715709625
CMS,41.333333333333336,78.81999969482422,0.494669685361838,0.565305152362599,0.46806037614421137,0.41890597106529764,0.9629629425755059,0.019163774313473173,0.5257335172608163,0.7169563596905254,0.28597216352952565,0.02814122360890958,0.030378484794157615,0.3447678562033035,48.0,0.9178696064709722
F,41.333333333333336,12.710000038146973,0.4941218197446911,0.7336082307799674,0.4101828490896866,0.22845812100525545,0.399361007762543,0.5086973472814311,0.2925605005349238,0.36775676065036095,1.1313130048182227,-0.03801742557325704,-0.0025065871090326794,0.33320216552834225,324.0,1.441837407049935
CINF,41.333333333333336,163.35000610351562,0.4938642756611823,0.6199103342618584,0.36296556673563113,0.5082184821379737,0.9148206101480109,0.062661375458926,0.48634948422140695,0.728302834470212,1.0622965653482404,0.043511040115225164,0.048525802443409524,0.5234320794035849,48.0,0.8218281844808304
ROST,40.75,223.2899932861328,0.4917597352135364,0.532047127017065,0.5021390831847385,0.47149204417538604,0.9808176470727004,0.014781177693864013,0.5971140583127942,0.6625158689223499,0.9038461538461539,0.046291773893626244,0.04641483220901608,0.6377248259354025,0.0,0.6667843078192743
DVN,40.833333333333336,45.25,0.4887787056861179,0.7329323654662719,0.277683755065409,0.3936657809068639,0.5428380088205041,0.43010076661961233,0.35903613224227376,0.47570058862577463,4.508510731981591,-0.01117374294750532,0.019122969727313678,0.11600255800501846,213.0,1.6049118117918728
DTE,41.333333333333336,147.74000549316406,0.4879268279066954,0.5796001345044547,0.4035779197564942,0.4593380087605623,0.9267222069721197,0.04455797175244271,0.4916738632455011,0.7168553174000578,0.4873542853351807,0.023886563876379274,0.028940960349328,0.28881121418558553,48.0,0.9068744182852054
MS,33.25,183.33999633789062,0.4874737372675668,0.5959356170316422,0.4128591734882314,0.46359164768541916,0.9449195212895527,0.0484741368742257,0.6012265972124926,0.8271133689949464,2.003894259433741,0.044842485223139654,0.047718329537083826,0.5999269092457888,0.0,0.5708947694693698
TDY,26.5,647.5900268554688,0.48389763009679565,0.601252369566588,0.35740384674898573,0.4732213436320617,0.9239748002733965,0.06603879215565593,0.5227461472824523,0.8546880990559582,2.9021738748025427,0.03736766847240036,0.044126136389444647,0.46140122568232145,0.0,0.7124087769219543
WEC,41.333333333333336,116.5,0.4838639906312581,0.5657869665131613,0.45652897125698066,0.39105625634420144,0.9526985656542278,0.0260826172458116,0.6390236457434926,0.9474038283127499,0.40011176792877506,0.019573931920043582,0.015834471135579592,0.23173735540735818,73.0,0.915649525701307
ETN,41.333333333333336,401.8999938964844,0.4818611228297516,0.724308261236628,0.533254509858333,0.5608877439277705,0.9815049609751044,0.016036278895315257,0.49865875938423304,0.6175904828276597,2.043094066572018,0.05504277844742762,0.054052494657832156,0.8634786708284166,24.0,0.8154241341772208
TXN,41.333333333333336,218.8699951171875,0.4817011704986436,0.6945883594362281,0.383934696414008,0.27795473191699827,0.9289098864345098,0.05382159697747752,0.5217267506324048,0.9948823915357594,1.4822922074470306,0.039020383626369566,-0.004223076689305238,0.07837109645697271,54.0,0.8743731112862528
DLR,21.583333333333332,195.7899932861328,0.48142786274588645,0.48234233255446857,0.5483328703207712,0.38629770044731654,0.9803327697797497,0.0111616500700363,0.6055886926088706,0.6062901313875023,0.008174758847242374,0.023233816539227597,0.014289005611092797,0.23304452831050548,52.0,0.9001010162661774
DUK,41.333333333333336,129.77999877929688,0.4777784463943969,0.5465009368375552,0.42276714296647666,0.4448382864844321,0.9349087005827114,0.03502123965714754,0.5113323019171383,0.7194244977847613,0.336874233553163,0.0387120356770374,0.03763425029096772,0.4160627878670451,48.0,0.8649713516218689
LYV,20.416666666666668,166.27999877929688,0.47620445435208836,0.5396931230683937,0.4044037390245023,0.475783826607409,0.9417683642729779,0.051184029790032094,0.5741366003360717,0.7967567787514077,2.1296558283217095,0.040068597222441625,0.0483093796312012,0.5183052532500254,0.0,0.7289586305278174
ED,41.333333333333336,111.66000366210938,0.47544656864368257,0.5405414632666954,0.43266040914987514,0.5440679978466934,0.9156826695784113,0.039318588684800204,0.5341328806747312,0.6424767253545273,0.29711431029927693,0.05209349685448222,0.056092678669781,0.6068923907095176,43.0,0.8793770638601243
SHW,41.333333333333336,333.6000061035156,0.47364372136301947,0.669271692832854,0.24911533203990255,0.4749787120636476,0.7915739417785154,0.16687479417478732,0.36909692199895905,0.5767131909244194,1.7780189335012642,0.0358414067662912,0.046381676408696344,0.4056860837841514,52.0,0.8844462864501638
CB,33.166666666666664,325.739990234375,0.47163126992112253,0.6335583303672029,0.5820777561504398,0.6352423061409533,0.9228475455262798,0.05765621089237449,0.3903298670370156,0.5309916757683152,1.103148367750623,0.05634082939373417,0.055910265854639665,0.8775741103462955,0.0,0.7538402998521663
HST,41.333333333333336,20.90999984741211,0.47093376267981224,0.6285400647827956,0.3133200130682633,0.43942292877120737,0.8932238498620191,0.06942587955555635,0.6009582632342962,0.9330500281795084,0.5547073866988521,0.007140349897774008,0.006140398944794344,0.0017441324566137562,469.0,1.698299709415809
ODFL,34.583333333333336,210.41000366210938,0.4708872707547502,0.7087177579139187,0.26598075006507194,0.4644456497412506,0.8933970290030604,0.09795932171325211,0.5003576545740392,0.9119509907476762,5.662495509797567,0.04934478887238791,0.042092413760069426,0.15548460176574874,24.0,0.9765926794835875
STE,33.916666666666664,224.8300018310547,0.4699311243081652,0.6826409936153585,0.23839329800119957,0.45374829024640784,0.7836356595258611,0.16556561834226036,0.3320399910073944,0.6210651307932841,1.9279166319177043,0.03466155401747468,0.044244320558443524,0.23585082662232615,48.0,0.9498589309560188
LNT,41.333333333333336,72.30000305175781,0.46989004628400355,0.5296246706416046,0.4490350086489117,0.4035117000009706,0.9468623874039316,0.028225785363601655,0.6414474189065545,0.866666744916867,0.2944380775020033,0.023202645609115245,0.024373416015386194,0.21541260718749422,48.0,0.8786290511545766
GOOGL,21.75,332.9100036621094,0.46976111822026667,0.5558507377754192,0.4218865421585689,0.47533386766398067,0.9489800888859407,0.046103141369314114,0.6610393631464613,0.7847248300344613,2.0835786540729746,0.045966241754162876,0.05006677353279613,0.5891070373762826,0.0,0.5006017384351495
COST,39.833333333333336,974.7999877929688,0.46770843541107393,0.666389261200413,0.493268100794631,0.6313994538252183,0.8899282765768374,0.09592572507658902,0.38621414502744944,0.5132226151862499,2.4404992047415113,0.05439584376148394,0.05468257546494044,0.8551799979144019,0.0,0.7299741533319899
ALGN,25.333333333333332,184.69000244140625,0.46727113023327016,0.6215189254466493,0.4490296626194603,0.24601271255119728,0.16885694657242006,0.7495559029300599,0.26116440485664766,0.282216262891191,0.6853156655426862,-0.05406862658654176,-0.04259070520877278,0.6251134764461417,55.0,1.0
AMD,41.333333333333336,255.07000732421875,0.46691096231469376,0.6836853058752815,0.42505379254741693,0.36833731169636175,0.9544438043396591,0.044967724471549855,0.7229829418420872,0.8968989458610936,21.168116608659542,0.045724689639199095,0.028667462339272358,0.4570105641831085,25.0,0.8510559176258448
PNW,41.333333333333336,102.69000244140625,0.46611933564806896,0.5486460738502258,0.4474542743341193,0.4231793867113098,0.9393287544932255,0.026727320990697575,0.6837348641145512,0.6925255873170832,0.10452309497775675,0.03494876410657853,0.03910199072205362,0.5730822576925695,74.0,1.0
STT,41.333333333333336,141.77999877929688,0.4654459603452999,0.5539729577322253,0.48855893614869195,0.4236838273005202,0.9902642979717527,0.006864638310784862,0.7208424440530625,0.8623722530857271,0.4912114264775519,0.028150938088642625,0.036654995607841745,0.3949508360350007,99.0,0.8004343026056553
CSCO,36.25,82.61000061035156,0.4643834741525398,0.6415938477369549,0.3452311196415744,0.44171169566563573,0.9105482275586058,0.06327249888400968,0.7003847444282904,0.8810243788290242,0.7241379667101516,0.03394306766222378,0.04334233913312715,0.433116910993794,313.0,0.92981061038615
EA,36.666666666666664,202.85000610351562,0.4638386858364535,0.5180796551263851,0.48340578446800886,0.3672514504046659,0.9858126902208503,0.00995652931919467,0.6236873199400027,0.9306766265788278,0.8855974134478883,0.04188488430531577,0.028450290080933183,0.4613656721232241,0.0,0.7382497679605048
AVT,41.333333333333336,71.75,0.4629946850270519,0.5596265201310048,0.4506355971261583,0.4514878000521937,0.960955564967424,0.029618641724305016,0.6190051692920622,0.9020524735421668,1.1971989009825357,0.053478713728237384,0.045297560010438734,0.6493624040766615,0.0,0.6985393538066076
ADI,41.333333333333336,348.6000061035156,0.4628305484448488,0.6,0.433002911101256,0.45925884726936256,0.9530591729268679,0.04019825333924639,0.6576536317343944,0.8904318458849131,1.9708646910672758,0.04979203288020361,0.04685176945387251,0.6866758801315835,0.0,0.5622246423049241
VRTX,34.833333333333336,444.2799987792969,0.46275727131153266,0.7328844175787741,0.4063493947011308,0.6067277251060608,0.8314080435173227,0.14541818379908036,0.3509656189460652,0.45813927260546794,3.4781697994054284,0.055012834261693705,0.055038567320846735,0.8412945039955773,27.0,0.8625067124817762
GOOG,21.75,330.5799865722656,0.4587821056229651,0.5472764222065413,0.3921771520207899,0.4755478489774735,0.9382621944248433,0.05589035460615851,0.6545718897114616,0.7779902235043598,2.150988129926214,0.04606166293397747,0.050109569795494704,0.5931695032856128,0.0,0.5038412144627961
JBHT,41.333333333333336,229.61000061035156,0.4583786345412997,0.5941615477009459,0.45487288566632456,0.34764893590635076,0.9602389432763937,0.027076268600205244,0.7044365610690286,1.0,0.6308938693372216,0.018282127691237906,-0.007138789859950142,0.005087135816793764,26.0,0.9301270953679489
AFL,41.333333333333336,111.94000244140625,0.4581429521076085,0.6724844279925246,0.5383251456036734,0.6172808311300632,0.9233247038605925,0.061850463227398865,0.4023896452668425,0.5692240275689805,1.778500187345126,0.05582206907137262,0.05609379321284776,0.9150467531999037,0.0,0.7229299560580891
AMAT,41.333333333333336,395.6400146484375,0.457263674283496,0.6,0.45232719662456666,0.4548975242372704,0.969961081885613,0.028603682025260004,0.7311193145564685,0.8434720700550752,4.714285826301496,0.04725123377202914,0.045979504847454084,0.5217684152623405,0.0,0.5276584231218773
CMI,41.333333333333336,615.5599975585938,0.4562695270589701,0.5348114357197136,0.48598528869076296,0.470008380146545,0.9899566494818999,0.008408826785542226,0.6941029708530283,0.8264834251109522,1.0110857678978515,0.04595009058088473,0.049001676029309,0.6731151333296594,0.0,0.49010919430608624
TXT,41.333333333333336,92.6500015258789,0.4561331531670061,0.6889626844516231,0.2790018740731275,0.42597580401449275,0.8902964183060713,0.08782118928567699,0.5395400223838424,0.9867296409190898,1.8479763134792402,0.050112797518369015,0.037817307311958745,0.45513536619932915,24.0,0.9583538114635916
SCHW,38.666666666666664,98.37999725341797,0.45591421412461763,0.5859815151576732,0.28485501586071976,0.48728941004118564,0.891000325824477,0.08483723485192587,0.5556352532099341,0.7438400268554688,0.9156526089816031,0.018825211018004585,0.032464258055011345,0.21519322706131583,50.0,0.8952557940815771
DOV,41.333333333333336,218.47999572753906,0.45414564549848313,0.5851892713411997,0.30118457548659555,0.49711543423592425,0.8979331398723585,0.08023910961231151,0.5060503419484049,0.7679805243034201,1.5049370980227954,0.044124367007408405,0.04812576901188494,0.4574708776728704,0.0,0.7748169076946014
WELL,41.333333333333336,210.99000549316406,0.45380193709728006,0.6,0.45810818458075686,0.4697362602432116,0.9716903236733837,0.0251350892515459,0.6385824127004331,0.7672731637263467,1.985990929288214,0.04916483576524416,0.04894725204864231,0.7412543766740385,0.0,0.4594095258050716
XYZ,10.5,66.1500015258789,0.45349999999999996,0.5399999999999999,0.5,0.25,0.20558384390391438,0.7712892887557031,0.1958263578291177,0.21962616395262707,3.6140140287529405,-0.04883384558115221,-0.03851535537784558,0.4091949736675582,56.0,1.0
COP,41.333333333333336,118.79000091552734,0.4494044919295543,0.6911266639940296,0.17692688009116947,0.4441176732001326,0.8325541548374039,0.14224856521223203,0.47590306266190374,0.6429719135703904,2.8330132758419655,0.029650467200300068,0.043792647308685914,0.18011279983223016,41.0,1.0
GNRC,16.25,211.8699951171875,0.44922964272345856,0.6017844361685427,0.4268315868100908,0.23649925149003892,0.3649206169303038,0.5959070090142422,0.28780209582789107,0.31857351177882737,1.4693877623238372,-0.04644139598865289,-0.034613850685777145,0.3454916412785476,53.0,1.0
C,41.333333333333336,129.5800018310547,0.4485762287310518,0.6257083257039388,0.48205965337074314,0.36600473760925784,0.985756100779217,0.010764207977554122,0.7827053527841392,0.8347339049542893,0.19281244277954102,0.02763286393749096,0.024255720751003167,0.42186683714627027,308.0,4.513703146846996
AEE,28.333333333333332,111.86000061035156,0.4477987347484263,0.543505423025411,0.44329103215064514,0.33173040985494645,0.9469883259683355,0.031766625185864546,0.6664740675247155,0.9513401936009988,0.44773217891639033,0.034266792048324377,0.02134608197098929,0.2545027529254006,48.0,0.8586514151856717
TEX,41.333333333333336,63.72999954223633,0.4472985379074612,0.7363308812165398,0.21939811011148042,0.34341447118656204,0.8704136015206747,0.10867133507361779,0.6666110621735374,0.8909941767618101,1.7322357704395175,0.04091068938592683,0.02960017393317747,0.18469359106874905,225.0,1.3558042299497377
CPT,32.833333333333336,101.77999877929688,0.446514865243253,0.5726280985177578,0.4464048065165779,0.24488777422139052,0.3333616143201456,0.43571546524038113,0.2643142321801065,0.3193932394616444,0.3253840935548406,-0.041663682465964774,-0.011668599120964263,0.424508308957376,52.0,1.0
CAT,41.333333333333336,794.25,0.441390836248776,0.6,0.49104620485430295,0.4855575400156341,0.9941192897026148,0.005372277087418223,0.7282248209761732,0.832742912522507,1.977983826435255,0.04952903646602541,0.05211150800312682,0.7209829690954253,0.0,0.4783855790280097
LOW,41.333333333333336,248.44000244140625,0.44058882987710146,0.6515102995233935,0.17995189917562643,0.4823903041934998,0.8085471741843232,0.15225549542382114,0.3718784822657331,0.7049780091736424,2.030833435058594,0.04154115601090006,0.053474231877959126,0.40369946952188374,52.0,0.8984849510412902
SNA,41.333333333333336,377.8699951171875,0.4401880035415867,0.6446725147300887,0.4928689279134252,0.5558406434126109,0.9590527717321674,0.03142544693353609,0.45806755778958597,0.6855786406551035,1.7301586126881405,0.052598208279451115,0.055959676850774374,0.8637488614026736,0.0,0.7651039051047499
MPWR,21.5,1363.4200439453125,0.4382841561160743,0.5533333333333333,0.48170782785425625,0.46950199390127356,0.9885250966396159,0.010975303287446244,0.7126800520306484,0.872490779938554,5.3843718680252035,0.05348246178847686,0.04890039878025471,0.6678128149731825,0.0,0.5644699117565958
UTHR,26.916666666666668,578.5399780273438,0.4361983369240213,0.5959952986527952,0.41327295317431106,0.5,0.944994123315994,0.04828182058240885,0.6957532307463532,0.825877094362188,1.751177622906049,0.05306621681260552,0.05558089372855535,0.6928699340794171,0.0,0.46569278901811006
LRCX,42.0,272.4100036621094,0.4353880753902038,0.6,0.4933577310305264,0.4396911651401018,0.9959068857036804,0.003985361381684187,0.8155463768292252,0.891759498312825,6.044305988001982,0.04426640538651462,0.04293823302802036,0.5133253688997037,0.0,0.3683327181465665
MET,26.083333333333332,76.04000091552734,0.4351230998143917,0.6233279748010084,0.2652598984210098,0.48311683028166064,0.8034742958995434,0.1460977169048357,0.3601208913241485,0.5945137807119975,1.142231945109095,0.05192639805304868,0.04625955487900531,0.4991499258671398,41.0,0.8687254122314655
ACGL,30.666666666666668,96.19999694824219,0.43420610015565536,0.6902853903254751,0.3632511580918639,0.5729623404209172,0.7878375122648066,0.17403626736510966,0.35608126383147165,0.42556921733141845,2.299092309840169,0.05369568725516665,0.0558484745391749,0.8221355917497017,24.0,0.815746553966224
AME,41.333333333333336,234.36000061035156,0.43142160973426685,0.6319565374284909,0.45692272570088766,0.5302770474104708,0.961312057774747,0.031770305079326475,0.4881521190002818,0.7140859235542332,2.162892866233864,0.054843101445947486,0.05306627512497143,0.8197556808096723,0.0,0.769799626035169
VMC,41.333333333333336,296.8599853515625,0.43071684134483795,0.6906730089303063,0.35350524193489336,0.5562169398282345,0.871087970686207,0.10338582066790995,0.4368997666559743,0.5993799673349183,1.6566504675855456,0.05457506797120456,0.05318863197061212,0.80926772841874,25.0,0.8353619548505012
BKR,39.083333333333336,61.4900016784668,0.4306132232114988,0.7444897247960678,0.24074259601193904,0.48061215599508467,0.8806121559950847,0.10351355938915009,0.6065243290158306,0.7550763941632338,1.9396929607854763,0.04968606722540651,0.056284411810176176,0.7549888373941348,222.0,1.4621665879886472
KLAC,41.333333333333336,1795.9100341796875,0.4300260792118409,0.6,0.49806269390034064,0.49346800980506667,0.9987927088722928,0.0011623836597956063,0.7201522603471735,0.8054464274790857,4.527213200404513,0.05125048845196353,0.053693601961013325,0.7543014390456053,0.0,0.40553394016354977
PCG,41.333333333333336,17.559999465942383,0.42738834342971216,0.6717622954849491,0.2863501831568173,0.3528909523967604,0.20596882632551364,0.7546458077292365,0.12863862216185104,0.6491097435804557,2.653521251054163,0.052755090129290166,0.046943172163670346,0.5022973555753671,103.0,1.0
AER,19.5,148.97000122070312,0.4259706103195995,0.5778183285818893,0.4945551355609194,0.5619246455874697,0.958690830867684,0.03853105154661918,0.5032521600241193,0.6177170232726014,4.12667924931005,0.05165185891487879,0.05459701363868826,0.8461668053320606,0.0,0.57080160738252
TROW,40.083333333333336,95.83999633789062,0.4256754110891126,0.5514688092930621,0.41933287862600455,0.23328551941114478,0.20341602736629272,0.5732098442293428,0.2968005456487946,0.32690341069975914,0.2363029532310976,-0.050359125512784736,-0.04793080409221559,0.5547420703370292,56.0,1.0
ITW,41.333333333333336,272.25,0.42539295640573216,0.6281309762018046,0.2729603837792113,0.4559516412956432,0.8491017229864631,0.10195937224146656,0.4320445141864685,0.6826596761544461,1.1832791327135201,0.05516434802355335,0.043134568686187064,0.4916775438730424,25.0,0.8944121606447065
KIM,34.5,23.600000381469727,0.42486985769958163,0.6394831995105232,0.15110262797973031,0.46476263240986715,0.6514723418503996,0.2679901007191248,0.31867684642432365,0.772238511440177,1.1932886672381886,0.0020816068377028304,0.031032891871707075,0.00187196362545905,230.0,1.662530883486917
WSM,42.833333333333336,193.83999633789062,0.42448935223230755,0.6101578851865095,0.3105684623302097,0.5377292381362258,0.8652599168519383,0.12684686334283501,0.46254694237603583,0.5646282266566082,3.2076125135855507,0.04937147652142984,0.05000637633061779,0.7375106313755496,0.0,0.7202252224758938
TSN,41.333333333333336,64.95999908447266,0.42403849234979335,0.5319982824551056,0.43278882986695555,0.23905235565726662,0.38503867243552964,0.3550437023712025,0.2806534041596534,0.2925778974754679,0.05567298446969256,-0.0432504732189137,-0.033326400050602466,0.4181822140173984,50.0,1.0
TEL,18.916666666666668,236.8800048828125,0.4225091900789031,0.48632614601794694,0.385499433320023,0.40027804041761494,0.9317495999099048,0.055012539940414815,0.6650333859171874,0.9209101416674706,1.3652818290085058,0.03608432200327051,0.03505560808352299,0.4948077391757254,0.0,0.6639805467634378
AEP,41.333333333333336,135.4600067138672,0.42156217109877164,0.4264639787756366,0.47241180620046236,0.36826297139120256,0.9714464795864745,0.016552916279722593,0.6517220359064025,0.7612639302560033,0.19847984081727435,0.042412719431338966,0.028652594278240514,0.46518815188964135,0.0,0.7666617849769285
LHX,41.333333333333336,355.55999755859375,0.4203132560797763,0.5361826972648405,0.3617536891082837,0.31690554394376336,0.9226242602267141,0.062415981705065314,0.6084796436134393,0.850031990637077,1.185624668126019,0.02958844718295405,0.017695187427009425,0.29599405181885396,0.0,0.7375734603060256
MAR,28.166666666666668,366.70001220703125,0.4188310867692159,0.6305595671323131,0.4983428727725269,0.5381994589153913,0.9897972180095841,0.008918885926942568,0.5115322707479745,0.6815092442889297,2.5466065294735745,0.05556372379232934,0.055938641007610826,0.8772441173589428,0.0,0.7042432630384291
BK,41.333333333333336,130.50999450683594,0.4188176426281373,0.46691920251922225,0.49897896937874053,0.4610746112572014,0.9992321543951078,0.0006126183727556703,0.7151357793736322,0.7895517469754061,0.501894018894167,0.045459032869433445,0.04721492225144027,0.6815576215857959,0.0,0.49490771931866273
KEYS,11.583333333333334,330.4599914550781,0.41759851958715516,0.4211111111111111,0.47746201920776066,0.41317967898150654,0.9853634929923054,0.01352278847534361,0.6955411814115331,0.9946862509188182,3.6516281192427384,0.01571532080646799,0.013828137140414632,0.13641142464767742,0.0,0.6241380576320276
SLB,41.333333333333336,51.4900016784668,0.41680052375259413,0.6737927274186652,0.18962067390154755,0.32366478767834567,0.5215217012385652,0.41382053933151075,0.3118336150189715,0.6540585056823667,1.620893084270343,0.02434919369764194,0.036450098510406044,0.04598587284667266,141.0,1.3520037236727684
L,41.333333333333336,110.27999877929688,0.4165257474935026,0.5905783053680014,0.4938922425689849,0.5665082166506512,0.947242175835847,0.040208900654726876,0.4767614392616851,0.6370155541164914,1.0468349353410207,0.05367577269227531,0.055074573583803445,0.8691816659289925,0.0,0.6836379635214018
XEL,41.333333333333336,79.83000183105469,0.41552938395443517,0.5020341517709646,0.35646637512639284,0.4490651328860659,0.9048236814540704,0.05223793601471713,0.69781526700651,0.8616453000161391,0.23131581356650904,0.006112184053672091,-0.006211256164571765,0.07811797483896588,43.0,0.9219992943965211
JPM,41.333333333333336,311.1199951171875,0.41517665155469785,0.5796744108093337,0.36640858091959577,0.5261665871943231,0.9067451648405971,0.07747962900759822,0.5310135363347667,0.6305462241658816,1.3104294359563806,0.04968545639620317,0.050344728903196634,0.7654536384964304,0.0,0.5958191325171424
WAB,30.916666666666668,268.2900085449219,0.4150849955790472,0.6357849354247384,0.4955408024411309,0.5406461025280221,0.9686423229711576,0.027370895784527133,0.532375272928229,0.6423774530851867,1.6201882004353128,0.05495166965869871,0.05418298664941983,0.892019762586327,0.0,0.6071998539617036
NTRS,41.333333333333336,155.82000732421875,0.41485150758351874,0.48974012711040266,0.4811759865655533,0.48941639886399685,0.9816362464295019,0.011294408060668013,0.8038790820169683,0.8188314383784732,0.029174229622272653,0.0012700321363203779,-0.010067786221855043,0.09138773582533333,51.0,0.8575506894822992
CVX,41.333333333333336,187.02000427246094,0.41272225258931716,0.6314378941379174,0.15074319286551136,0.4295479097248849,0.8302372568045837,0.12896465733107293,0.5068359343482004,0.678457195623802,1.5589146742388902,0.029259883763185317,0.04543525566355975,0.27152782567998135,41.0,0.8834240917730392
HUBB,41.333333333333336,545.6199951171875,0.4126412405890696,0.6293102094099161,0.5192242912520924,0.5366377617623951,0.9927700964333471,0.006102292957202787,0.5385669583850295,0.6588473086802641,1.900840774933314,0.056416050951597664,0.055200220172851644,0.9090557570675581,0.0,0.7825746548601096
MA,20.0,513.1599731445312,0.4123604786428747,0.6306076782114165,0.3588653116251021,0.5666934397652617,0.8279817454389924,0.1472490212386149,0.3356694132160179,0.5321945866009714,3.1298326578406357,0.053080475743710755,0.05187548170932453,0.8142236462495742,25.0,0.8142645597095158
OXY,41.333333333333336,55.380001068115234,0.41188380423842724,0.6847863930314503,0.15231194647025315,0.33864026304503403,0.5920404543957628,0.3683129665248233,0.4127605699769966,0.5885426099684828,3.0821592618113454,0.018188830205241504,0.03170728247099119,0.02037655412914996,179.0,1.2883068800657762
GE,64.33333333333333,318.0,0.41101375763096637,0.7260081853194947,0.3429054424056872,0.5059374117665328,0.90509605429861,0.08746559350723833,0.6173736516821473,0.6372640908043825,1.8463097076943715,0.05304651944723012,0.051706345982191045,0.8545333476505393,308.0,0.8320203891884337
ROK,41.333333333333336,405.2699890136719,0.41037581151807795,0.5631590660111842,0.30931349294587374,0.3536472155382804,0.8991102038934097,0.076244557152533,0.6747700170757607,0.8997747818930263,1.0061584741381533,0.023895590557805473,0.015733386591983263,0.2528891316094066,52.0,0.809149319034108
MLM,32.25,630.7999877929688,0.40900891150342367,0.6799643387083802,0.27684201586553076,0.5240727127375244,0.8607894090130168,0.11276141920715846,0.46713777463947204,0.6315319283316159,1.6741931158553027,0.053638915218816974,0.0532759252428364,0.7765690833000123,24.0,0.8814296084691187
PNC,41.333333333333336,221.1999969482422,0.4049318725998962,0.4995271669973286,0.2364541335230511,0.48944823627158757,0.8634561944988923,0.09321966576033856,0.5933710026478406,0.7345027995522622,0.4134366843558874,0.0011533714880286774,0.011647194357051657,0.05141807614060945,51.0,0.9352299627218666
PSKY,20.416666666666668,11.079999923706055,0.40427609540571496,0.4727777777777778,0.5,0.25,0.026352437096547117,0.8913405924186999,0.13111944884551827,0.31513905708666584,0.0,-0.047701427286182534,-0.05055775113698026,0.6978607479401346,61.0,1.0
HLT,12.416666666666666,331.3800048828125,0.4039014266646931,0.49178731231831974,0.5680457203365855,0.5738642164724777,0.9915158357311323,0.007428205168518538,0.4752879688314707,0.6162342158321878,2.2351451913040363,0.054108429455589115,0.05488157077047115,0.8689483266475384,0.0,0.6463487771944303
FIX,28.916666666666668,1650.47998046875,0.4035044879062575,0.6,0.47859787341114624,0.49563784847518105,0.9869554825140578,0.012841275953312256,0.8500030374577116,0.8721852349550517,4.5451056114710955,0.048815841248727426,0.05412756969503621,0.6800196775267349,0.0,0.2005143753047286
GS,27.0,909.6300048828125,0.40313275473892746,0.531182703857916,0.3255400042038693,0.4796878793817735,0.9120805682642137,0.07623642367583867,0.6552790370277205,0.7915428758233877,1.2113868693490881,0.04748260859403839,0.05093757587635469,0.6998821302614515,0.0,0.44006294424738857
KO,41.333333333333336,75.9000015258789,0.40192631828725156,0.5004782114454176,0.29883775985293637,0.49395067958321104,0.8666083854103886,0.07439022529415967,0.46752681570373994,0.7021346644475861,0.42128476940854737,0.051291079486534,0.05100608852768877,0.6462780094974278,48.0,0.8195121579053926
NDSN,41.333333333333336,279.010009765625,0.4017412620229146,0.6145474008601487,0.2767968435352874,0.23617362576601797,0.886173625766018,0.08605211320334107,0.6076953050116484,1.0,1.2154652102569627,0.032148407159515384,-0.01191530813410025,0.04183188838812013,24.0,0.9106394166392177
SRE,27.916666666666668,96.16000366210938,0.40127832420139037,0.516888607662457,0.3750614383144464,0.3728946406997212,0.9144460523301019,0.04829767625890861,0.6861851115257224,0.9486184528158215,0.40681821649724786,0.045608241601389404,0.02957892813994424,0.4681814799630841,43.0,0.8732680107962274
RF,41.333333333333336,27.75,0.39949964984740033,0.6582509721407076,0.17053895201786728,0.3060425111394549,0.8462789512041631,0.11988584219240193,0.5616104522081874,0.7754071335158469,0.9769452671335869,0.032718654068756216,0.024210601430500335,0.22302302983428424,234.0,1.2416746169771204
PWR,28.25,594.4000244140625,0.3973994766050182,0.6,0.48720095830290067,0.5,0.9920332947887486,0.0076794250182596,0.644128850735471,0.7227361042980045,6.117592721204533,0.055090086546959176,0.05631396133750834,0.8705228361244833,0.0,0.44377296715228504
RVTY,41.333333333333336,93.51000213623047,0.3971518097422164,0.6067822986136717,0.3843914543670693,0.21630586784660244,0.30517712488976634,0.5397223840783447,0.3050503631395395,0.3892932068899736,0.7530320325229239,-0.05103799689725272,-0.04409332443363008,0.7232312550572366,52.0,1.0
BIIB,34.666666666666664,178.9600067138672,0.3963810243169555,0.5413621950438098,0.36428782321719655,0.20934163269365116,0.1922401280885392,0.6180556794871979,0.35692171422888835,0.35692171422888835,0.0,-0.0529844024425466,-0.04709500739132334,0.5407183250818475,133.0,1.024821268137459
BRK-B,30.0,477.5400085449219,0.3955678564244117,0.6102482808360404,0.41346491630345517,0.5923444188102309,0.840831738340418,0.11904366208680622,0.3594297183029361,0.5163347763815876,1.3227955934089175,0.05524285566173485,0.05565350408702344,0.8766363245172647,0.0,0.7932554728909982
SWK,41.333333333333336,72.19000244140625,0.3951538427299344,0.5096240118313724,0.38918114561928063,0.22036334812254882,0.10684436599269966,0.6791555447048611,0.3329826252568633,0.3329826252568633,0.0,-0.05151942236063074,-0.04630535939282244,0.5704900749038011,59.0,1.0
TJX,38.916666666666664,160.27999877929688,0.39362878415959757,0.6063320029781286,0.4829265549543034,0.5355426374360033,0.9583770977394753,0.033409771440244845,0.5441773449524823,0.6459466897034039,1.312041525170006,0.05506313026771181,0.0542602442483354,0.9097769943386858,0.0,0.6201905186074033
MU,41.333333333333336,465.6600036621094,0.3924281548398616,0.6,0.47991544419487575,0.38029107559165093,0.9877053773339347,0.012050733483074541,0.8870321846991236,0.9690004948255292,5.3689836157739155,0.039022793915440904,0.03105821511833019,0.4076457448927394,0.0,0.2769550521924142
DGX,29.416666666666668,194.16000366210938,0.39218029680941535,0.4991126657833383,0.23943571159895427,0.4349309257457841,0.8623291865337497,0.09058546294093969,0.5569476339943611,0.8331381369622094,0.637770498983531,0.03222769545944376,0.04644517884200411,0.5006096899740652,52.0,0.8157377220707699
DE,41.333333333333336,596.0399780273438,0.39141514119480963,0.5470665534377163,0.20580042252841863,0.4619704099088854,0.8691962231215196,0.11591691382408849,0.5590164877082481,0.8555509658714074,3.4337286240492464,0.046400384518190604,0.05062744362234803,0.6240106401857181,0.0,0.6674676254029879
CFG,11.666666666666666,64.87000274658203,0.38933429498759786,0.3627436639785143,0.3778963631816892,0.4702398870508899,0.9282970899013427,0.05698499951699356,0.6619718631716891,0.7863972638292515,0.6126062777841228,0.0035712135538932136,0.0018792549062535472,0.10314164492925937,51.0,0.8286087983920045
RTX,41.333333333333336,202.80999755859375,0.387483920163358,0.4624516448421133,0.3862472651418636,0.4572074136564812,0.9316629399544,0.054498845880681816,0.674777178315929,0.7909414716607258,0.5784096965894493,0.04900495766002196,0.04644148273129624,0.6808804633566612,0.0,0.4942657186156942
DAL,19.0,71.69999694824219,0.38746470598632204,0.4844452423457522,0.36060719255377255,0.43300050184478545,0.9203464247918786,0.06139550306164539,0.7073708951228077,0.8467167894687986,0.7475728144764164,0.046001264035579456,0.04160010036895709,0.5650772514775093,81.0,0.8304751817461815
TRV,41.333333333333336,299.5899963378906,0.386821552578678,0.5768550434945404,0.45892767901524956,0.5492230166021133,0.9427010590070168,0.04321026759799601,0.47816876176957623,0.6693739228477671,1.043512224918402,0.05576415803992249,0.05395479507880431,0.8751454382825385,0.0,0.7433252543099063
PFE,41.333333333333336,27.110000610351562,0.3864347250583226,0.5303739168274533,0.4497017018578499,0.24630072936764996,0.15175289739076664,0.5606870683429823,0.26035795777058013,0.26035795777058013,0.0,-0.04841905528379766,-0.04657452293587499,0.7457548992817544,52.0,1.0
STLD,29.5,195.3000030517578,0.3848293343735021,0.610986069384603,0.3958763892288657,0.5317981097794879,0.9319344769512657,0.06317454833706501,0.5442141823262824,0.6667511102911513,5.044726690174506,0.05528460968775146,0.0557037264569096,0.8544441452512016,0.0,0.7259557511954438
EVRG,41.333333333333336,81.91999816894531,0.3836882679172715,0.5007341283608466,0.40022335480780613,0.3912161236460254,0.9225612897804115,0.03928695445062497,0.7667591182599407,0.8649282787150229,0.11687693510083705,0.016190265342030944,0.010227000299256652,0.13544471410159664,74.0,0.8979711822358842
EW,26.166666666666668,78.19999694824219,0.3836091539303449,0.6203446545902862,0.27120118376862445,0.16220351110084724,0.4886808536439525,0.4063615009144501,0.346929042837788,0.4989011260798397,1.1793638428220632,-0.04711044934356809,-0.03588898449336102,0.43358047148790646,52.0,1.0
CIEN,29.25,467.19000244140625,0.38342546583041587,0.7656030872468851,0.2959760495741377,0.36103712098952123,0.9070038590586064,0.09016726454947213,0.9416112653811832,0.9866150413526489,1.5569781638496742,0.03357455402455043,0.02720742419790425,0.3529337658157037,306.0,2.058462716123342
MTB,41.333333333333336,220.50999450683594,0.3832541945627671,0.4770046719776557,0.28339096286497234,0.37306195507585777,0.8798648232524469,0.07736403972035173,0.6446624576692788,0.7604813389467401,0.2754730691058733,0.038033603287059924,0.03363942636468219,0.3342255600269599,98.0,0.8258158791514121
PYPL,10.833333333333334,47.970001220703125,0.382273854773029,0.3619346369325725,0.5,0.25,0.050586620203684055,0.8453378880116277,0.19988413907024602,0.20316526922200928,0.13117644366096048,-0.04932930422200559,-0.04281717203324782,0.4787757681197162,57.0,1.0
PH,41.333333333333336,985.0,0.3821272119243807,0.6091455632578052,0.4305343038548736,0.505657752997365,0.9469616936926103,0.04827236107978966,0.5801838415579218,0.679299429379069,2.4227957776797715,0.05418116510769283,0.05323749852354378,0.876163727270011,0.0,0.5508909000668994
SO,41.333333333333336,95.95999908447266,0.38120468059394486,0.47934542930245777,0.4188750093561459,0.5361977866734401,0.9171196079983736,0.048393469165412,0.4694293593575863,0.6787819535954039,0.46711159953459963,0.05333809524574134,0.051397508259901616,0.7787149332071135,0.0,0.7989885226180838
SBAC,26.916666666666668,218.0800018310547,0.3778966558447298,0.5978504495863095,0.38044138424536633,0.21434909682043762,0.41429490749194225,0.4424645142937972,0.3053571989222747,0.39446532998049993,0.6977837909746962,-0.05108961469160904,-0.04614259875475371,0.7528256057445321,52.0,1.0
FANG,13.583333333333334,186.50999450683594,0.37779772967567804,0.5397260898585492,0.18685843616124065,0.46318695144291333,0.8600149761447158,0.13048953609866695,0.5026256568935645,0.6764488133972928,6.835051443682649,0.048267098622101816,0.04699685722327219,0.4626905137487137,24.0,0.9881585394585883
STX,23.416666666666668,533.4400024414062,0.3768639759598475,0.5788888888888889,0.49753546207867694,0.35135070137368685,0.9984684708373757,0.0014787227527938412,0.9132044740267499,0.9677048276847035,1.9571118889844403,0.033607383369493586,0.025270140274737375,0.39347360025553,0.0,0.22026094092603712
CTRA,36.25,31.670000076293945,0.37669025120106603,0.5561422488021976,0.09283778161598735,0.4869605124583656,0.781276202771653,0.14126900327900527,0.6120907403070839,0.6451327862703314,0.7075037152039414,0.015100319537708063,0.047384974471879636,0.20638952404364752,146.0,1.1328632746547818
TER,41.333333333333336,365.510009765625,0.3766288688090095,0.6,0.4665326620447945,0.29583672995609667,0.9788972748769195,0.020080402773123323,0.8656073115621987,1.0,2.639734242048984,0.0244995924052684,-0.022720521783014144,0.18811479515741236,0.0,0.45284183287428786
VLO,41.333333333333336,235.5800018310547,0.3755147451861503,0.5596236500704603,0.2895477960015238,0.46685907445764924,0.8995295625880754,0.08841849434014223,0.7010068935941128,0.7988275243393863,2.193548387096774,0.05127984528096535,0.04846590237391478,0.6848607629803023,0.0,0.715048556759296
GL,41.333333333333336,148.1999969482422,0.3752969406065357,0.49416056368116223,0.46585993990744945,0.2575409404606947,0.9603550498444026,0.029533164608363926,0.6788853667100548,0.6788853667100548,0.0,0.05556728335029342,-0.00035709125632130546,0.5159641811869764,26.0,0.8643834339378196
CASY,41.333333333333336,742.4500122070312,0.37510008078511825,0.5800191761457522,0.4315880098863349,0.4907017415979261,0.9535251472129207,0.04104719406819906,0.6735203915743527,0.7632621062607137,1.3501438210931416,0.05250324675263942,0.05314034831958523,0.8439037215186246,0.0,0.418996941580691
DOC,41.0,16.8700008392334,0.37374188900173044,0.5624694815319449,0.38937858039409856,0.22044796302604222,0.07183785939839922,0.5552333059978546,0.33274570352708177,0.3363029209622723,0.0,-0.05378171343328594,-0.04884395490105002,0.7413722803689128,155.0,1.3460707813903923
TPR,25.583333333333332,150.8699951171875,0.37252204126086635,0.5814980905906029,0.356872022131574,0.4433588533819661,0.9268726132382535,0.06853124664974575,0.8349693715925259,0.9320488331179793,1.5530450876218698,0.04407274685303077,0.043671770676393225,0.6072309766350905,0.0,0.4920664095053108
APTV,14.5,59.06999969482422,0.3720775223341177,0.46808967967059534,0.4372100063678528,0.2409471455862226,0.19691272990965403,0.673303465005126,0.2753479923585767,0.3123784015276375,0.6149897240121295,-0.053734425333637786,-0.04859267547358179,0.7108970817701954,53.0,1.0
DRI,31.0,197.97999572753906,0.3705561782453666,0.5609238797310727,0.18972165738231775,0.49119596718483893,0.8501384927395764,0.13269377481926187,0.4571542006120596,0.7876566794725072,4.0998088931462435,0.05125011750622994,0.05300822350419961,0.685924295741172,0.0,0.7746966006397235
ETR,53.916666666666664,115.56999969482422,0.3703313802604617,0.44075350955774867,0.4683105861105513,0.42276828149340107,0.9734770242569222,0.019013648333669222,0.7784619084254923,0.885335314003376,0.30565132168311465,0.04669510363262197,0.03955365629868021,0.6485191217259116,0.0,0.5752907472234728
AAPL,41.333333333333336,258.8299865722656,0.36975204626302705,0.5936739186764474,0.2932335431727232,0.5372877910387789,0.8881136923582437,0.10321533174729051,0.44885962323551665,0.718338630849004,6.335643214145257,0.05524028318292312,0.05403907853864395,0.7980940321090269,0.0,0.6916360560401797
EG,30.583333333333332,341.239990234375,0.3693729839287738,0.553723527052875,0.1721730616048411,0.3912664610650134,0.705755865704391,0.18348014148553976,0.40237905946138,0.5728488110482791,0.9224509811909148,0.04436869159442454,0.04890410982281443,0.3699701086357656,29.0,1.0
JBL,33.0,305.9700012207031,0.3687636979953628,0.6,0.4746271279879216,0.5,0.9839071488808783,0.015223723207247056,0.7309812374514301,0.8203512909239326,3.4982121733168303,0.05507473373521276,0.05533666043265708,0.8415503727305272,0.0,0.5051174646778938
MCO,31.583333333333332,438.05999755859375,0.3681279695519693,0.5373138440225353,0.17307027540132064,0.4348656766280982,0.7632185758939488,0.19898333519715555,0.40652338297027113,0.5898901754539119,2.395761762245003,0.04689510725908498,0.047644674319985814,0.5894810217013059,0.0,0.7459406063471294
AIZ,22.25,222.27000427246094,0.36444587964147246,0.41693347088378213,0.2890077384217725,0.45319780001218907,0.8586215410685899,0.09760055833874152,0.5068807455736478,0.6077422269558205,0.5530352977799732,0.047191285926874854,0.04067403554082472,0.5206480243618764,0.0,0.7881125290945977
NVDA,27.333333333333332,196.50999450683594,0.3615017521198312,0.5948715957833011,0.38216646054011266,0.49809543852990334,0.9258032094142469,0.07389607311447277,0.6195760359826554,0.6501984011183378,30.674417811641842,0.05424520983104578,0.0510618306430048,0.8674789658769236,0.0,0.4590225760178063
CME,23.416666666666668,297.0299987792969,0.3606397105206999,0.43647551458281575,0.23046541698160714,0.4215464349760442,0.8645218232978723,0.09761211728443994,0.583825284937743,0.8514851866069852,0.9101086492123811,0.034318911006174284,0.04524958554547317,0.49076938275039583,0.0,0.7805930234013526
CTAS,42.75,176.13999938964844,0.36057850513156514,0.581090857300287,0.31548965720355887,0.5234091028437458,0.7433697599846846,0.23163498879386943,0.32418291505343055,0.4634344123526819,4.091255454449156,0.0548070299326726,0.054409106243677424,0.8183894793096336,0.0,0.7686703999800845
TECH,37.25,58.65999984741211,0.3605175776326492,0.6139461667463906,0.3110049976267132,0.18227827946176187,0.31640618444318935,0.5685574884197612,0.3498331148932086,0.43978770261385813,1.0109265738273578,-0.05211380249789594,-0.04306312403227366,0.734604731644351,55.0,1.0
MCD,41.333333333333336,303.2200012207031,0.36016468754853076,0.6128841004058663,0.22945806650916573,0.49586344305564833,0.833506183198703,0.11274322978579919,0.4244231354154572,0.7916498381759212,1.2072871815248194,0.05644841352577801,0.054930247358207444,0.759040368062401,27.0,0.8848281335726043
CCL,38.833333333333336,28.690000534057617,0.35867215276435005,0.5063187133071972,0.16325023758614837,0.39602833714527685,0.3390899756815902,0.6053644877800601,0.30409971489662196,0.7252865339728303,0.5008183102967402,0.0026826255437122264,0.017540975351667796,0.2270141154607681,99.0,1.0
KR,41.333333333333336,67.19000244140625,0.3586586207422504,0.5740797834666289,0.18505086851161417,0.4836326877085637,0.8349446444793087,0.12261686034382685,0.4840921126324713,0.6720351063823845,1.1381410529319744,0.04418094750999192,0.05446098143262642,0.7504865522013412,48.0,0.8197962559180608
DIS,41.333333333333336,102.58999633789062,0.35831523291262246,0.48751067444879437,0.3294404432732406,0.19202723194988186,0.1919703339383936,0.4946803557337593,0.3587577732627935,0.4035659772775373,0.0,-0.049080697798459146,-0.04181671253992034,0.2640012600501026,61.0,1.0
MAA,32.333333333333336,126.33999633789062,0.3575327075953949,0.5273161700312666,0.29439842115053527,0.1742671687208034,0.29633091553139296,0.4545611808720151,0.35474169684500095,0.45731023073674953,0.4092682629096799,-0.038977851625427974,-0.008470553313960282,0.4875739533043204,52.0,1.0
ATO,41.333333333333336,188.16000366210938,0.3555305950248975,0.463231638886176,0.4623396969088091,0.4908578624461839,0.9649194265131443,0.022596181854714542,0.6575806314764103,0.7641270716478207,0.47423729164631995,0.05318120057824494,0.05317157248923678,0.8214321229020839,0.0,0.6507714007277073
D,41.333333333333336,63.709999084472656,0.3553476977987001,0.4915659198571348,0.31915486320775366,0.18806851093252974,0.4743763143222077,0.2990428043535815,0.37865013272136866,0.39475803666754805,0.0,-0.04654014074587498,-0.043386839224399606,0.34274294834783225,74.0,1.0
RL,28.916666666666668,373.0,0.3551288573208325,0.4966232000340445,0.4308321806082295,0.481347027554208,0.9509610597855379,0.0415006916350623,0.708073941907116,0.759774515738386,0.7246740002553335,0.05007600509031776,0.051269405510841595,0.7872212672003329,0.0,0.49346010996052514
GD,41.333333333333336,339.8800048828125,0.35499385245475906,0.5872411246456406,0.3038263677624913,0.524970366617583,0.8892067385848926,0.08066001173816463,0.484859783837136,0.6977117691236981,1.0124316256793804,0.05581847788910046,0.053764979389454806,0.8226599343575653,24.0,0.8020015964564281
WMB,41.333333333333336,71.44000244140625,0.3541934704002362,0.5844597359405244,0.3456232752490853,0.5035518762189483,0.9206836097688564,0.07063874217719111,0.5723050315609628,0.7345332322231198,2.361474550616407,0.05326565244784503,0.053732163212429865,0.854628607834826,0.0,0.7984909441263738
PHM,41.333333333333336,122.68000030517578,0.353581584123151,0.6336730078747499,0.2063105398519149,0.4835172024972252,0.7975821621585866,0.17923329562277848,0.46392143066797825,0.5365256922055377,2.779205243960685,0.053319679162340566,0.050790373987264575,0.7826350511866376,24.0,0.8100622254780839
ZBRA,34.75,226.6999969482422,0.3529523121742028,0.6344592690468527,0.1930478561285341,0.1264074196418991,0.31741873577296525,0.631382118783346,0.402042658504219,0.5440165664984634,3.2182959426027415,-0.04100801787276471,-0.03673575395371868,0.408338961470039,52.0,1.0
POOL,30.583333333333332,217.97999572753906,0.35254976695831075,0.6118983285727427,0.21116474180223374,0.1355311035937271,0.2661065936945035,0.6256376107033272,0.4031387092358522,0.5173742007017118,1.2760508427332082,-0.047118356091263136,-0.029985160708540178,0.623352356622284,53.0,1.0
NI,41.333333333333336,47.220001220703125,0.3522869467776478,0.42030319289458395,0.44393678632279787,0.45553235905412365,0.9472603711922674,0.031583206600521774,0.7246574921016494,0.8169884096525695,0.168711719555775,0.04872026727686479,0.04610647181082473,0.7140882329926608,0.0,0.668375743938359
HAL,41.333333333333336,37.5099983215332,0.35214377442955236,0.6320809349439349,0.07343050469758797,0.2944428952312905,0.6099394657269066,0.36185779005587965,0.41188339436289445,0.8582345926400692,3.404705720789292,0.014180728375470242,0.024086225936058112,0.0006192046248217897,141.0,1.2645458212774707
CRH,36.833333333333336,117.41000366210938,0.3493568816166946,0.5885826618421212,0.2982689290967337,0.5135617590562965,0.875768766880546,0.10748764014916147,0.5303988831939532,0.6017143476241514,1.6587704797933995,0.05399759364863229,0.05056668635072902,0.8347136347598775,0.0,0.6689471528584972
AWK,18.083333333333332,133.38999938964844,0.34577633058350926,0.4719438977960796,0.3178131425533376,0.18305668628563704,0.5321024694265821,0.29665170744768926,0.3057219321506671,0.4817193462495491,0.6329057824234412,-0.0483255554503359,-0.03924068149507859,0.45873968613013516,52.0,1.0
GM,15.5,79.45999908447266,0.3456987837871059,0.33563721473319696,0.2681110261615186,0.49643739246323015,0.888661436105684,0.09312946138235186,0.663937805811097,0.7935420886685643,0.8353104938648727,0.009535835551803078,0.022448250524514362,0.21893130620811074,0.0,0.7670622800464869
HD,41.333333333333336,342.7099914550781,0.34455325099131423,0.553265565147159,0.09376529586341156,0.3617166855210263,0.6980978723337331,0.2199968243992822,0.38748164496390614,0.7094819166841774,1.3008390670069514,0.028900164160610347,0.050710820402564416,0.25169060558094125,52.0,0.9573024786077589
KMI,15.25,31.649999618530273,0.3435060414563677,0.47755871416438467,0.2625793219988155,0.45757299953825753,0.8783089692336595,0.08868413372595535,0.6558672750588953,0.841785038513065,0.6868365408309277,0.0479720756717489,0.0508528060609196,0.7195868968542231,132.0,1.2873596220494996
CF,20.75,118.95999908447266,0.343410442947757,0.5136276812071013,0.07728763110621872,0.44363479831095975,0.811830104884975,0.16201751579057797,0.6104884725335727,0.7554926016623303,2.0451091345663976,0.022063855271069424,0.048134030803646005,0.2222135166875202,44.0,0.8424907918973641
SYY,41.333333333333336,74.04000091552734,0.34301587116694066,0.6057761151482259,0.10370796886125597,0.25763054402484264,0.7295368569280524,0.19390307952603558,0.37555043736649285,0.8351907600060448,1.393846218402569,-0.027380129949459056,0.020220175718444082,0.03206068787524763,48.0,0.9965160620561755
ABT,41.333333333333336,101.05000305175781,0.3423357762243393,0.5828088456634722,0.08456168450444784,0.31846259352957457,0.6074263038855233,0.29137448298281277,0.3985259785946626,0.7969013102722798,1.4393362966074617,0.003419721626800494,0.010001053221629731,0.01951919914893474,52.0,1.0
EQT,41.333333333333336,56.709999084472656,0.3422170747739029,0.6398998166343373,0.08741021453145023,0.4183675460978839,0.8199281716251602,0.16896247274677106,0.5969076792739099,0.7275842183142693,6.130641374287717,0.04661588284811213,0.054466994842681166,0.7217669718101049,144.0,0.8892212773802644
TDG,20.166666666666668,1296.5799560546875,0.34069687664971765,0.5355943268288151,0.33125223490356953,0.5398798258663883,0.7701524757934427,0.20152972223464688,0.35133482604977817,0.44495640671545283,2.753174020366815,0.05549361067822057,0.05296627235496277,0.839208573961729,0.0,0.7817998461181672
GPN,25.333333333333332,68.5999984741211,0.3406103237532153,0.48661506906423996,0.3264424682506366,0.19160216966363333,0.038835550869058925,0.6893256680738945,0.3767997170436924,0.3867142078981342,0.0,-0.051989042985945734,-0.05173308341264228,0.6846952360916683,60.0,1.0
TRGP,15.416666666666666,239.27999877929688,0.34027038428577616,0.4852913657651414,0.4250059973097536,0.5246474346946943,0.9416889947339546,0.05747034552529857,0.5746373111964536,0.6563498716584023,17.40437131986112,0.05410431567276717,0.055700604155571466,0.8661072496769523,0.0,0.6340646957762719
DPZ,21.833333333333332,369.1700134277344,0.34021159484726515,0.5385448976734444,0.07427358263843913,0.3951915274177348,0.559756818257077,0.3495603913811999,0.4263302785282572,0.6819649926898851,1.4449575518278048,-0.008431734143633081,0.0343980008099456,0.00029794710055142115,52.0,1.0
IRM,30.25,114.02999877929688,0.33933616359258023,0.5607632440008832,0.21834587360048857,0.5009540550011039,0.8516110774556711,0.12446257701300546,0.5301171800630605,0.6317224828097276,1.5152380807059151,0.05231091017299875,0.056365295655784235,0.7740783852454778,0.0,0.6310657169445542
VRSN,28.333333333333332,268.3399963378906,0.3382453883872812,0.6088066685158735,0.1124579495252237,0.22144975458841398,0.821378718217239,0.136059268947795,0.6067458499709371,0.9240424680518196,1.2571273912986556,0.0292533684518813,0.013769821360703847,0.17956854970036407,314.0,0.8322601253067847
WMT,53.75,125.05000305175781,0.33785885149250594,0.5471582701414773,0.33731072336198975,0.4692789356075293,0.9152775807428273,0.07157175153992662,0.6689028827427171,0.796129694436771,1.312021541604116,0.05158430160592482,0.04885578712150586,0.8225676313190811,0.0,0.4577919573075653
ZBH,24.833333333333332,96.5199966430664,0.33687045022031403,0.48965923718941334,0.2817374781938007,0.16959455190687367,0.23630152855666697,0.44879354370009444,0.38259365520755184,0.4425415994532019,0.17154363414602447,-0.05308130219355554,-0.04848079519782783,0.5849425835734994,60.0,1.0
PKG,26.333333333333332,209.92999267578125,0.335708998626678,0.48677232714194874,0.21138734102259893,0.4758889313900515,0.7829732337680042,0.16302533073281364,0.416379221346236,0.5593184567584268,0.9580195040380108,0.05165380499431706,0.050418687960456815,0.7030689773902519,0.0,0.7625787364929729
CRL,25.916666666666668,179.30999755859375,0.33403937590718774,0.5098254780346856,0.2578444886017045,0.15945445473086767,0.2852599225905985,0.6103735232004486,0.41294113522425946,0.440586391529311,0.3669643568749363,-0.049537367904566955,-0.05023910209453669,0.5878996618974677,55.0,1.0
RSG,27.833333333333332,211.72999572753906,0.3308462189480579,0.5830307196330728,0.2808344588998848,0.528788399541341,0.7781656705248333,0.18171982327521136,0.36719193322904764,0.5110644255247306,1.9935884715432068,0.05530177253652489,0.0558897362012233,0.8581809146148033,0.0,0.7604250995433273
TMO,41.333333333333336,527.219970703125,0.33042995058866237,0.5885413187522217,0.012665583240319966,0.36232187581464664,0.7278675889563305,0.21584324948057845,0.48480130011161604,0.9011780775140857,1.7716974987744254,-0.0008025727150756581,-0.01579334311930638,0.0847110460867948,52.0,1.0
IBKR,19.0,77.0999984741211,0.3278909256747131,0.4820686199659175,0.4562178617698506,0.4822636747822273,0.9707813616558785,0.026269282938089653,0.7481299292444329,0.8052846376428395,1.2155146497443812,0.05119722385808783,0.05145273495644546,0.8069811499508245,0.0,0.3724741120422544
SPGI,41.333333333333336,425.239990234375,0.3260870521172804,0.5447772055068388,0.10436699451180882,0.31151199434724014,0.680494387315464,0.2656247315449152,0.4101371168960998,0.6587262379713512,2.4868406033167276,0.04267011860774213,0.044693761039744595,0.3979395861644828,52.0,0.8362144921211891
ADSK,40.916666666666664,228.58999633789062,0.3252613130486681,0.5750134751158401,0.03823374686564476,0.3274964463974257,0.6068845692635002,0.33624673592455523,0.4541195037612263,0.7382856446044029,2.8044960748127834,-0.002700669825986363,0.014580370210502385,0.08993509070874184,56.0,1.0
RMD,30.916666666666668,230.69000244140625,0.32509292569115,0.5729977209890753,0.04572613497841196,0.3195587602123029,0.7126179834489557,0.23445276018808,0.4653026403092971,0.67646366400271,1.3827028016786318,-0.005948550889312316,0.004222514791122512,0.005004990927260589,55.0,1.0
TGT,41.333333333333336,119.52999877929688,0.32488332044437634,0.562411736622012,0.2760160369547352,0.16663356121649567,0.32197620139205463,0.5556175407198849,0.3809091180173516,0.4525169105764605,0.7182866573661166,-0.052792554115042974,-0.04863529351716078,0.7321686659486637,53.0,1.0
BLK,26.583333333333332,1054.56005859375,0.3241381130334057,0.4447732005258379,0.13796725195285287,0.39176117855828807,0.8167210866523211,0.13556395458440618,0.522153452015067,0.6572918548772868,0.8771409987991872,0.03335942665690999,0.04139696887350438,0.4043369433996493,0.0,0.7977113791542473
TAP,41.333333333333336,43.65999984741211,0.3233971640487101,0.48756989531472283,0.17087077290934935,0.2742577416181948,0.14423075640567112,0.6108387655110844,0.2949550725087808,0.7910248581305684,0.2781065130935234,0.02602172433183409,0.03143216548446583,0.0029317767891572366,114.0,1.0
AMGN,41.333333333333336,350.95001220703125,0.3233865704328322,0.4919267087630715,0.19496398913698434,0.44687568379237114,0.8434310308385061,0.10309487964668898,0.5355715140301199,0.7162730284738574,0.5841814402931368,0.053161470426216564,0.051086895878638724,0.6984935697655609,26.0,0.8426486596139338
CBOE,15.916666666666666,300.75,0.32248707129768117,0.44038452990505184,0.4793195913210673,0.5133351828330861,0.9798157918944748,0.01612795339540012,0.5713408071727868,0.6913206808945721,1.1312062106227054,0.05455253542170902,0.05592287545403097,0.8981567371807078,0.0,0.6510076052346313
JNJ,41.333333333333336,240.10000610351562,0.32214176565000596,0.4133439587471378,0.3838194305068486,0.3304542687975377,0.9185548904819305,0.046124509557338725,0.7788846836977799,1.0,0.2887503477119505,0.02034548774429547,-0.017617820920035693,0.12904852839991743,0.0,0.7416868517810943
ICE,20.5,162.0399932861328,0.3216034675217324,0.4391908996961368,0.15477844046783912,0.42976126817286275,0.807309592637562,0.1442303244630091,0.45868910235007465,0.6452605939719837,1.1799663983000646,0.04672242724157788,0.04548674198720719,0.5966509596146841,0.0,0.7416423984639835
AMT,28.25,176.41000366210938,0.3189523725784498,0.5178502964499347,0.22020919822331075,0.13895613848126878,0.37593138451669733,0.4191689616979879,0.3847058614095052,0.5262169508429422,0.5501403924868979,-0.047451765526168435,-0.03938881046152188,0.5437537066964708,55.0,1.0
CCI,27.75,86.2699966430664,0.31769518906864175,0.5088339351949669,0.3868767554297645,0.21937575232704193,0.07699199360796762,0.5889360144364856,0.33574789348428263,0.33574789348428263,0.0,-0.05340666917592897,-0.05222925988169641,0.8130482589104067,52.0,1.0
ON,26.0,72.05000305175781,0.3174210039740904,0.5945780406224228,0.08465823245164353,0.19983762546818412,0.6193336316105905,0.3529411401967555,0.4750097004770727,0.6106338240111142,2.827373887737594,0.020876511735244036,0.014450534496771191,0.0005374348046950361,33.0,1.0
ISRG,25.916666666666668,467.2200012207031,0.31652858512063253,0.501760519861259,0.13135329178710603,0.39394604724938964,0.7285746451627262,0.24152597204431311,0.4535492273409481,0.5702979596002787,2.7557106619673766,0.050416844483452024,0.048349079484563184,0.6592781777863947,0.0,0.6554545613078328
NOC,41.333333333333336,680.1300048828125,0.31543669086581055,0.44304019957285795,0.15384994206481392,0.40949871621793776,0.8347853715970492,0.12127906345889858,0.6255170020272809,0.8282258768816839,1.0140892672141386,0.04771494903164368,0.04994266892417771,0.6307130706684942,0.0,0.7186951156734496
BXP,28.916666666666668,55.029998779296875,0.3151154811289179,0.4680524854862023,0.2536706048592204,0.15643910093483931,0.0870634367070618,0.6277481018894454,0.3973438148878494,0.4646267024946005,0.013425702204148257,-0.04584416078098627,-0.03737812198194272,0.48566086156085186,74.0,1.0
APA,41.333333333333336,37.029998779296875,0.31389094120643196,0.6308501319007691,0.006646218043909793,0.23689884852302368,0.509662558323282,0.463333351024683,0.49202453834730825,0.8360698259590392,2.573684235292789,-0.006721091985879289,0.00586905670587795,0.08127829612457615,215.0,2.162753561268682
VZ,41.333333333333336,45.47999954223633,0.3128537109391428,0.5104384122327278,0.21190383492378362,0.1380480152909097,0.47817952858525636,0.2690453447451351,0.4392144435275008,0.474251113657952,0.0,-0.043674830857189095,-0.0340511393064361,0.1620711548679935,318.0,1.004547288266526
GLW,41.333333333333336,172.82000732421875,0.31269924325189435,0.4597859285577656,0.46294207755038896,0.3336872454112744,0.9753311613272498,0.02223475346976662,0.9033331261681253,0.9499636944012247,0.44839446418324197,0.034401325857092095,0.02173744908225489,0.4087900058731856,0.0,0.6412069922289383
BALL,41.333333333333336,63.5099983215332,0.3118426453799416,0.48768260575493044,0.23023104990232673,0.14475494244862022,0.4312005911578298,0.38195798947788023,0.3979422139572753,0.49674394718658804,0.2682565551369239,-0.04969798294066109,-0.04336152614350745,0.4152954901621999,65.0,1.0
APH,34.5,148.72000122070312,0.3115271989239339,0.5443997634691021,0.23033415307204963,0.47053842739316515,0.8804997043363776,0.1096742864090534,0.7323309578534036,0.8242722191386483,1.6490716586108323,0.049117290458892675,0.053007744611357516,0.7459774474675952,0.0,0.3699712746707289
APD,41.333333333333336,296.6300048828125,0.3102633460797045,0.5156342375381064,0.08869830346377015,0.2918609794085694,0.7949243962422406,0.1304743151034184,0.5161675517221295,0.8691233986115094,0.7102604541398904,0.015960429231949277,-0.0021212595196737597,0.012699563456914253,40.0,0.9631235957388109
TSCO,32.25,45.02000045776367,0.3102232304654292,0.5594296177923377,0.11324988530452872,0.3336032764435567,0.6488077491261767,0.29645258201464775,0.3843305961631312,0.67639779838334,2.709645085713559,0.05568009812242004,0.054629826327745,0.5565564394433471,24.0,0.8731989058454168
META,14.0,662.489990234375,0.30997935063076754,0.4157882866586681,0.20406200715450887,0.43729742322064113,0.8111161191342189,0.16798745339481946,0.5212663984685706,0.5212663984685706,1.6092634312512624,0.0492908363125617,0.04184574631279453,0.6830072948842018,0.0,0.6674913535125588
BEN,41.333333333333336,26.43000030517578,0.3092963218942554,0.4970242262761048,0.21792103603653457,0.13685707508410533,0.35186316026796094,0.44533054650960413,0.368662158706079,0.5481380310584261,0.08987257989948746,-0.052713722682980094,-0.034270174426901105,0.4570392454013422,136.0,1.247219273915429
NCLH,13.333333333333334,21.09000015258789,0.30899358239695235,0.4316595952286984,0.23022966766032554,0.22299744249743608,0.2582185512425899,0.6569616084967729,0.27695135100579144,0.6379018891021209,0.8079658120655262,-0.02145415452339035,0.007845929855702967,0.008587550289974044,125.0,1.0453805647625838
PSA,41.333333333333336,304.0,0.3087500360267287,0.4773747893736801,0.13046133273861416,0.2885546152749667,0.5579413518144205,0.27921094233439786,0.4267426946381905,0.6028209904213846,0.5008045311445477,-0.013747542064172818,0.016306613523346253,0.16406084100221974,48.0,1.0
NDAQ,23.833333333333332,86.70999908447266,0.30866268309286243,0.4680436664672808,0.08399491523083748,0.4137019319483593,0.8147268185902893,0.14814816480421447,0.5345646909884315,0.7908033764854492,1.2984147343190326,0.04487649434797122,0.05012107202793054,0.5436561063252865,0.0,0.7039329494726319
EWY,26.0,146.67999267578125,0.3075649030113548,0.423632828638332,0.39973646731895485,0.4594826986442181,0.9349775064124645,0.04889124941797545,0.9117798973683294,0.9878538445272282,0.2673811763127031,0.004862076162693828,-0.03295085049014228,0.0812777635373031,0.0,0.6244326435579752
JKHY,40.5,151.4199981689453,0.3071556933769025,0.49608412303351057,0.1058387318359383,0.28671395208367967,0.5419847389264718,0.2878374487522269,0.38826528048674647,0.6821829481951488,0.7287342699268197,-0.00927126657427138,0.011398346279704565,0.02539127889139714,44.0,1.0
AVY,41.333333333333336,170.85000610351562,0.3056813426314624,0.5354277290682141,0.026349545107411342,0.3291516408663313,0.6202631879870314,0.2682456346157805,0.4683805458711064,0.9436843320794136,1.279066211121531,-0.014224881993815865,0.03513707524899078,0.0636360818992624,53.0,0.9818400277884068
HCA,15.166666666666666,498.6600036621094,0.3052047339781642,0.44027213768312806,0.2584147349376601,0.5128086479353398,0.8838478866892671,0.10396753726465295,0.5350704594408076,0.679862252509303,2.6992121062467005,0.05388498353197204,0.05471591738850815,0.7724710258553605,0.0,0.6034463717138714
VTRS,41.333333333333336,13.90999984741211,0.301988812328577,0.47333333333333333,0.23258708284355334,0.125,0.16211250700241636,0.7240079478912369,0.220895500587736,1.0,0.0,-0.03539727585712686,-0.047037629982779605,0.05248924346764161,132.0,1.5216269864997565
XYL,14.583333333333334,129.66000366210938,0.30172465736078957,0.42785611667102125,0.09450835481318902,0.39001714603105975,0.7828273927975676,0.1595255067659627,0.47476174890197015,0.6545808669383135,1.1389498096703645,0.03288039783585188,0.044248137492432976,0.33147741935146413,55.0,0.8995915922462367
DD,53.916666666666664,46.68000030517578,0.30064172426132585,0.5547174212198949,0.19005371250394618,0.21535757071327116,0.8534545299364145,0.11355866994994314,0.7391502206028523,0.9443261271661527,0.8979881013928801,0.029239267584769118,0.006112720796653212,0.30555812221703293,99.0,0.8716661512551376
PEG,41.333333333333336,82.05000305175781,0.3005326722750864,0.40254842461545726,0.15490523828751226,0.4075402556740225,0.7822060872650306,0.13831125814018408,0.44534479513051095,0.630531455798594,0.5456114844452563,0.04710939781009921,0.04405799446244875,0.6043055463523445,0.0,0.7940558668456741
BBY,41.083333333333336,62.060001373291016,0.30026673024461237,0.5433718795662169,0.15794916981973867,0.11054307592486827,0.29414363441985036,0.5628653881828596,0.4303506490519824,0.5601287383583864,0.9120306411974171,-0.04373093639910554,-0.04264538387755535,0.37373984353835144,53.0,1.0
PPG,41.333333333333336,110.54000091552734,0.29894532039618693,0.48044026230536574,0.20863712039342525,0.13498489334536723,0.36015903377900815,0.39585724338389683,0.4151943968973977,0.506847901735574,0.2933926072180396,-0.05277765980855492,-0.031739915269439,0.5602360603256434,58.0,1.0
MTD,28.5,1341.530029296875,0.2969209997375006,0.6019281102215216,0.05186071149011859,0.15199402650940175,0.7278031661858988,0.21765270197003936,0.4377671462118577,0.7634213688642687,1.702191553164588,-0.02804993335210003,-0.009417989407476509,0.07575426985756606,52.0,1.0
KDP,18.0,26.020000457763672,0.29675467195046534,0.40311380232404437,0.25,0.19203660408339035,0.06538497989994348,0.7945519135864606,0.12445434542265565,0.815581120756977,0.310853517430333,-0.021955607509993157,-0.026992203578173748,0.5312874256870888,99.0,1.0
CBRE,21.916666666666668,147.07000732421875,0.29658410845963806,0.45410238723214214,0.08607488441589511,0.38264438371854825,0.8188599075327161,0.15607962518734197,0.5995604968902191,0.8211419248911068,1.6806302620195397,0.04464749367503679,0.04772550215789636,0.5837175308970279,0.0,0.6369426595437389
WDC,47.583333333333336,366.2200012207031,0.29585037130912867,0.42243308863505263,0.4996360607201238,0.2746847250789237,0.9997685503275381,0.00021836356792573274,0.9765053801617717,0.9815072103625356,0.168248164762895,0.03286703305567444,0.009936945015784739,0.36392103330479153,0.0,0.23666213915649512
BAX,41.333333333333336,17.59000015258789,0.29569573636880087,0.5216439527178092,0.40479486209361004,0.22705494089726147,0.023408010854363975,0.8152116850357753,0.31424616548766793,0.33756931318583133,0.0,-0.05498074531758922,-0.05481352861770348,0.8887223893044323,72.0,1.0
COHR,38.583333333333336,313.4200134277344,0.2944541834918006,0.4640390433687328,0.4657292366027832,0.25,0.9782292662213852,0.020562458038330077,0.9079539385149533,0.9343229683168552,0.4802928252654957,0.0328199337711682,0.003742900441774575,0.39234080221825884,0.0,0.3138750076293945
AON,41.333333333333336,323.0199890136719,0.2937314486929045,0.5353688523920911,0.04883918361847549,0.3614633446217194,0.7120862533313582,0.21781246081106836,0.4413929796578294,0.72663080821733,1.6659372394112277,0.0519467040082121,0.053546345376488634,0.5617894477611673,34.0,0.8411506746020104
MGM,38.0,36.72999954223633,0.2910246803300536,0.6333804817362406,0.014026405064035269,0.13105298345257985,0.6783278448098005,0.28471274325846024,0.4831683139231577,0.8429942313868029,3.288135394595269,-0.02920560392556,0.015875913837095718,0.14082129935797794,222.0,1.9571568254407852
PGR,41.333333333333336,196.58999633789062,0.2906309519294018,0.5198437771692832,0.24190457847230312,0.3891258990843717,0.6326919496294242,0.3290214584442628,0.3847208613876022,0.4958259185199064,2.6480026300675577,0.05569894569568792,0.052864235524553514,0.7841937776102259,0.0,0.7379433220258198
WYNN,23.583333333333332,105.58999633789062,0.29049441422361466,0.5242133145378504,0.07164213569416683,0.2229373636620644,0.41569815971724816,0.4814615046605884,0.4140294371669998,0.801916199517075,0.8205915101060207,-0.015922233034931104,0.01284091615970281,0.12426048592154437,145.0,1.2243283974877364
ROL,41.333333333333336,54.79999923706055,0.29026769376986655,0.5636243934596633,0.21832863189175344,0.48236018858144225,0.7912627294499409,0.17145449436400678,0.40219655922757225,0.5806537061234408,1.7248871958477707,0.05278676824842177,0.050565939351372644,0.8693242985896192,0.0,0.7174176171880317
LMT,41.333333333333336,611.5800170898438,0.28939140965261945,0.39763291335375983,0.1519278827986954,0.42147759338807245,0.8264941037537082,0.11621384813606395,0.6081769463828209,0.7664845503148389,0.7232822276309491,0.052088248435191116,0.053996697926872846,0.5355433369996414,0.0,0.7342485637334041
MDT,41.333333333333336,88.12000274658203,0.2890504405498998,0.4459358571275013,0.21567945432349075,0.14075315474271,0.28754668950288664,0.3515343061124874,0.45294558336020596,0.45294558336020596,0.0,-0.044212268581053,-0.036222464431582925,0.2311321007232099,55.0,1.0
O,31.583333333333332,63.810001373291016,0.2887305504990853,0.4718713910484228,0.19548302153082595,0.1262517461757085,0.5936044976480498,0.224541648424579,0.37897195489296515,0.567523155815051,0.2231916224755866,-0.042683333921519184,-0.03342979038060417,0.3337768489631989,74.0,1.0
V,18.166666666666668,311.3699951171875,0.2872095105320754,0.45982068319169417,0.18870607197427205,0.4719394764689752,0.7877985423934439,0.170807736093295,0.4063058586963282,0.6112687799454964,1.9507167152170435,0.051001776515761044,0.05165494671809373,0.7680284539629977,0.0,0.7748395086370164
PG,41.333333333333336,144.3800048828125,0.286997089398183,0.49149817427263176,0.09146154871716625,0.3069330506109688,0.6713765605921078,0.199800417094445,0.3902461415394005,0.7349356766645148,0.9457088729757107,0.04786299357769434,0.047128879542300814,0.23193094185781016,51.0,0.9164219520899544
AMP,20.666666666666668,461.989990234375,0.28667863445037994,0.4956989032100811,0.21709460981284534,0.4918458512348235,0.7608557067390986,0.2062709390542901,0.3910246258608125,0.5422029695511579,2.497687771924115,0.05452888207811398,0.05607464183896267,0.8142388104884035,0.0,0.7570999444543889
RJF,42.833333333333336,153.22999572753906,0.28581699253459,0.5353864040798845,0.1252862194265584,0.45928701580723114,0.8335754983450596,0.13750989210285966,0.5001589810865715,0.767189156597979,1.6565874620582322,0.05384114470083775,0.053010802141475126,0.7672432047425263,0.0,0.738432960357897
IDXX,34.916666666666664,584.0499877929688,0.28555559750123105,0.5293231917641142,0.0,0.2953052831823413,0.7290953355087848,0.24147380112738828,0.6029752138435437,0.9137154054481277,3.257501591775321,-0.004054806279173219,0.0025795542656767735,0.015867553633364784,57.0,0.9181407700712592
HBAN,41.333333333333336,16.59000015258789,0.2854002488183919,0.50451035323049,0.03287560128607009,0.28835858830428535,0.7729431029479064,0.1474819664392877,0.5965189601825471,0.7299128518843933,0.3387096605038379,0.01597984179689931,0.01446752103152802,0.14146313517145537,322.0,1.5872780624316598
PTCT,12.916666666666666,73.01000213623047,0.2833761493448592,0.4798983849885163,0.09550590181814922,0.33314179762163726,0.8264047214545194,0.1655999755859375,0.7042051136263762,0.8400743356221063,3.349875874442985,0.011191550859945854,-0.009124284752702211,0.3018944885520437,132.0,0.8996571568080357
ORLY,33.083333333333336,93.5199966430664,0.28296083806542954,0.5773693800572743,0.22235317098586305,0.5217117250715928,0.8439819725231422,0.13980872339010092,0.46758179056430194,0.6147749023000362,4.076432949468571,0.056959337887327335,0.05655463198058258,0.9442683470063019,0.0,0.716893536825021
CDNS,38.916666666666664,292.3699951171875,0.2827103977649994,0.6145228769179429,0.13846338355834314,0.45158717726323244,0.7621498886340445,0.22334975259239298,0.43816127194930604,0.5995587508537071,7.667537758437421,0.05621530527651175,0.054153173640338524,0.8356186126818828,25.0,0.869597489006133
PRU,24.416666666666668,98.76000213623047,0.28145796312758464,0.5183617699367917,0.05253087495822942,0.2229097956699504,0.654193413566321,0.24350823571351346,0.4369629500501247,0.7279812536458427,0.9994822205173627,0.029319966722721785,0.03596438405741396,0.05176617103347336,99.0,0.9738797121225846
EQR,32.75,61.36000061035156,0.2808671083296805,0.45598138712876557,0.1905587779224968,0.12711592482120146,0.3258335140938592,0.349448676750593,0.43485380244721145,0.5092216080534244,0.15716485453853246,-0.036445204622725914,0.0043090465737397774,0.33814754257479174,48.0,1.0
GPC,41.333333333333336,109.9000015258789,0.28057323086280306,0.4989262247154468,0.03582847124121859,0.2738511041687913,0.4362187846255288,0.41458475455684934,0.46135461465642935,0.6949264231631264,0.9339774806934702,0.005323642096616373,0.008377317505706198,0.08988110949810524,40.0,1.0
WST,41.333333333333336,267.92999267578125,0.2805636565066142,0.5902981840404545,0.07612247726987709,0.07120606338390151,0.4887984977755356,0.4363521842104807,0.45683305578257793,0.6437899667424978,1.692959723921145,-0.04303332028009334,-0.02167679710442772,0.4002288488837936,55.0,1.0
CHTR,16.333333333333332,215.57000732421875,0.2788660364757484,0.3618889421191964,0.30101535580562805,0.18013895542677338,0.05453785099188279,0.738899241056267,0.39780546240251724,0.39780546240251724,0.0,-0.05067773763017629,-0.05053500333018758,0.6848849723441286,55.0,1.0
AXP,41.333333333333336,326.9599914550781,0.27886130613345456,0.5299228519080555,0.11885292462471964,0.45148977866538775,0.816764543051702,0.15621048363774517,0.5057213878699182,0.650443855865871,1.465616796148324,0.05191327730602471,0.051671135961007815,0.7781024768586619,0.0,0.6207902374620312
WY,41.333333333333336,24.780000686645508,0.2784478502485205,0.5625876132791315,0.13830146136649138,0.10068999711753276,0.3901135636884656,0.424256501869503,0.4298596760960231,0.5882083319748851,0.6152671168882904,-0.05254719421063653,-0.03416587566699917,0.6932111553302587,230.0,2.023466414622486
MSFT,40.166666666666664,393.1099853515625,0.27778092371725877,0.47682968904763295,0.13074479169625228,0.3561591105977721,0.6800614429300146,0.2922675727567726,0.4151672197517729,0.6159288685815117,5.3155701106246305,0.05446233391698905,0.051012111271643276,0.68001277322561,0.0,0.7756233645803584
WAT,30.5,330.9800109863281,0.2776581364442085,0.46770867734521904,0.0021075202579043384,0.35934813366341745,0.6742706239507122,0.2270795151024668,0.4974709756905148,0.7564690516762438,0.7881100279973889,0.0072702091763461795,0.026809015500059548,0.006988709783701141,55.0,1.0
ANET,11.916666666666666,154.3699951171875,0.2772173723609235,0.41308531413415983,0.3737086598504912,0.4996189372185895,0.9344121982232553,0.06408395275714676,0.6546986102572524,0.7225351433658314,7.704676670197252,0.05491991866071274,0.054923787443717904,0.878672193321455,0.0,0.4664423209640994
SNPS,34.25,418.79998779296875,0.27682331539109933,0.5667900350616026,0.04404430931277564,0.27732148076880897,0.6150235512563623,0.35740260484602654,0.4726716793826819,0.6702210076823185,6.829048608951202,0.054845104465092345,0.04924234522983325,0.511515353915911,26.0,0.9657066940976653
BA,41.333333333333336,223.77000427246094,0.27664396558742765,0.47798276732010037,0.12379439000633471,0.16849128862868137,0.37749643031279895,0.4982847932268371,0.35144673199239834,0.8119983921590449,0.44808994250351125,-0.020433328279169733,-0.004023271401369674,0.0036177882801319283,85.0,1.0
UDR,41.333333333333336,35.119998931884766,0.27482283521373,0.4430985961629563,0.18793970905076052,0.12721799432312525,0.18581287054407208,0.424828068424397,0.4585687486021158,0.48522086729313346,0.059931505283420894,-0.04265222599264339,-0.013806855145189484,0.500811026954078,51.0,1.0
DHI,33.916666666666664,145.25,0.2741987976500341,0.5196670615221172,0.045773217939559956,0.31821013749961075,0.6868188352432547,0.2732049258744313,0.5128484607623751,0.635917494884616,2.923167421917402,0.05253193754824063,0.05047582871177058,0.6124021902618147,24.0,0.8293720036923443
TTWO,29.083333333333332,205.10000610351562,0.27324122870606843,0.5172834789542464,0.0,0.2653113484974794,0.7424157398951062,0.22542392278853599,0.5590557935632677,0.7411751056609328,2.616757251299576,0.02374026109843084,0.0262216373771404,0.42908476875916157,62.0,0.8116242936925231
LLY,41.333333333333336,922.5,0.27159099067747994,0.5637765139668891,0.20150754329182066,0.5047206424586113,0.8023407266201823,0.18647203163892118,0.4768968519462281,0.5364393837061706,5.11187298068603,0.055973508703374246,0.05510521914869654,0.8929054900746983,0.0,0.7061863960303651
AVGO,16.75,380.7799987792969,0.2713499321537573,0.46245687395266727,0.32097266189981694,0.4873450235696416,0.9155710924408341,0.08159472219073542,0.7294355637654479,0.7833734800339719,3.3202328396012053,0.052833570148530754,0.052469004713928326,0.8231312390304467,0.0,0.34687298044890524
PLD,28.5,138.36000061035156,0.27124027279978236,0.5258351840689373,0.07105674846632364,0.14414534883597663,0.7211990854955806,0.2072876937520528,0.45156817224783335,0.6570243511913413,0.9064104891989195,-0.029449625966044994,-0.02438377681607153,0.12341585801312172,48.0,1.0
INTC,41.333333333333336,63.810001373291016,0.2706171391454993,0.5550716861194424,0.297986369863038,0.2438396076493029,0.8938396076493029,0.0790878838191544,0.9294847088246871,1.0,0.0,-0.03890271971086984,-0.05094188627019052,0.184431847828066,308.0,1.0943588396317587
MRK,41.333333333333336,119.95999908447266,0.2703299564716747,0.49076411445758394,0.16315690139472921,0.2513754154177525,0.8258126563880849,0.10896535145422613,0.7280957712557686,0.9609871317759943,0.45426609747480073,0.044062756600540126,0.020112551805933528,0.16967697362750678,25.0,0.9886355290514277
MPC,14.916666666666666,223.92999267578125,0.26842842472473694,0.4966265445546042,0.2007835567706816,0.46933244418832726,0.8676146062061084,0.12448688690938861,0.5848821397585242,0.684259178593162,5.836172878777747,0.05350243164339033,0.053139376050135655,0.8349797325271736,24.0,0.8644876135467882
NFLX,24.0,106.27999877929688,0.26790554670830785,0.4562559122206563,0.0525993550114264,0.295905229397997,0.7784983451647303,0.2075458045243562,0.6341463625645939,0.676233007022281,2.7351480458084207,0.04299267133576565,0.036783734491102,0.6044561306433922,0.0,0.5226782697854827
MNST,40.416666666666664,75.06999969482422,0.26727277733302185,0.4440650972432561,0.09824318319810542,0.3706001633618128,0.8164330747576023,0.14087889614933846,0.6570235485036556,0.8557001240350831,1.1318897807788064,0.05084260378492746,0.04583341772084211,0.66888146798043,0.0,0.7007324498381264
WRB,52.583333333333336,65.98999786376953,0.26545060457617486,0.5245904037255746,0.1847150401988869,0.49094389546439693,0.7934518246802558,0.16426040236940243,0.44250461064560764,0.584517591158797,1.288764655155428,0.05617005490574507,0.05533769841427544,0.8515178572921989,0.0,0.7530395108143481
CAH,41.333333333333336,214.9499969482422,0.26416500659991926,0.49479970825086533,0.3096098611889404,0.5,0.9041377101154493,0.07983736587322272,0.7218195989628808,0.7479627282453665,0.9861715511887935,0.05366635526633483,0.05520145181558868,0.8679593278123509,0.0,0.49674656628264946
KEY,38.5,21.6299991607666,0.26262520201812073,0.48945050887960334,0.09282260662539138,0.13742834458956965,0.7190668944974589,0.20390139491979764,0.5385395890176377,0.570048350724452,0.1463087490596067,-0.034695123099488245,-0.015074374592561413,0.044258599737592164,336.0,1.6516378312105275
ADM,41.333333333333336,68.83999633789062,0.2608967611750701,0.46085639294765357,0.11138685272002688,0.15027522217599693,0.5706117477467535,0.303802606694439,0.4746998890678793,0.5735752022794365,0.4170124285659357,-0.02275518370970969,-0.020088334187504428,0.2444179213038955,48.0,1.0
DHR,47.416666666666664,198.61000061035156,0.26071025964347727,0.5683908466835839,0.018917747271564405,0.1069308376999846,0.579814025616092,0.32916495729491146,0.4772987032741227,0.8851480152226939,1.6663097836968008,-0.022426926478539444,-0.013605489534843584,0.29777915508674935,55.0,1.0
MRSH,41.333333333333336,172.85000610351562,0.2600134963838356,0.5247193250320386,0.043648222518571644,0.28977479842517195,0.5952496653330943,0.303024168937437,0.447622132977714,0.7162185920281633,1.6454354972839944,0.056112061907188406,0.052070826326299675,0.5089983949138375,25.0,0.8435483747912992
PTC,36.416666666666664,133.64999389648438,0.2582524855998728,0.5290410877182165,0.016774738416149525,0.2665697027497106,0.5350445440367986,0.3916428038998711,0.47987031390062057,0.7211304490165739,2.5918013961087443,0.0510903715516402,0.04973324868570073,0.5489069884923874,25.0,0.8841549607837527
AZO,35.083333333333336,3508.5,0.257596068410394,0.5522539482469172,0.19983240084050163,0.4903174353086464,0.7742842161768966,0.20045301751481526,0.425750184210598,0.5493568022205023,3.6380385237428534,0.056782661432732875,0.057332573163582444,0.9190937457922947,0.0,0.7420894687337019
MO,41.333333333333336,65.62000274658203,0.25753041523904396,0.4730048270718033,0.0,0.2733139376412905,0.7401793738407381,0.15644681868767157,0.5794193662667234,0.8632315870498318,0.2623586019942177,0.033739026141487244,0.040156867493447886,0.43091685299276317,231.0,1.1633885966690567
WTW,24.916666666666668,288.4800109863281,0.24979570676260351,0.38752943782521476,0.09964876182541585,0.38397791908516704,0.7320751745967328,0.18228973610630175,0.4361955147756064,0.6349302995395436,0.7319083858316544,0.047676359671200715,0.04903239277734043,0.688948804739003,0.0,0.7904418452827424
A,26.5,120.38999938964844,0.24814896487435617,0.5587048838587779,0.03442783728622339,0.05046907312266716,0.5747951964308601,0.32956510286107593,0.45868659525653194,0.7678614214293101,1.387472190204832,-0.031548059697400155,-0.012916141749503963,0.15710424196789918,55.0,1.0
SJM,31.583333333333332,92.20999908447266,0.24744832613075668,0.4208806313794603,0.14782155125587967,0.10943412255765875,0.052927007442176904,0.43453734627521623,0.4967922284192777,0.4967922284192777,0.0,-0.030178467445013183,-0.038755872208461495,0.47503343835433454,39.0,1.0
EFX,41.333333333333336,186.42999267578125,0.2448974538531074,0.4302413340075925,0.0,0.2912036810002816,0.44240774087089185,0.3978942940418823,0.6499660449651193,0.8775434926746162,0.803676098306314,0.014264906860768875,0.03701558096800445,0.0013239544014095328,52.0,0.9692535627002522
CHD,41.333333333333336,95.52999877929688,0.244316076030563,0.4798966333080972,0.020523248292079792,0.24934115238122825,0.7167794187629737,0.1797183622678418,0.47537210204950425,0.758747315911178,0.9109492294822669,0.04735471526723324,0.03261035401290122,0.16053421726639583,24.0,0.9282156905712514
PANW,13.833333333333334,161.58999633789062,0.24399304428316795,0.4483581947733759,0.22293795589963356,0.4402667903568636,0.6985295702639004,0.2773579182647247,0.4085064680048607,0.4946293157348422,3.9287112327529456,0.05602103654089547,0.055416361835980095,0.8344202796818156,26.0,0.8515719227636825
INTU,33.166666666666664,366.79998779296875,0.24162092808332392,0.4936626826419704,0.0,0.1954286107042088,0.3744838452258839,0.5492196358728294,0.6600742092489639,0.9942024711297706,2.446951993466625,0.034444995988291385,0.04408572214084176,0.18849573051493884,53.0,0.8809880479259111
CI,41.333333333333336,272.6000061035156,0.24043591384461366,0.49776952498334437,0.0,0.2555990096857969,0.615989111976611,0.26489222561727055,0.5133698136518805,0.733262638558365,1.0821524563029292,0.04967356367293144,0.04993193148372227,0.25980639377912884,25.0,0.9861931469876163
FFIV,26.916666666666668,295.19000244140625,0.2396171728310908,0.37112807183153673,0.07917902378019291,0.32278770380055266,0.8091428242595831,0.14684970392657154,0.6869506575172778,0.8352592255392618,0.6286035931790267,0.034952940319963315,0.03772897590819392,0.4312924581014389,0.0,0.7196531791907514
IFF,41.333333333333336,72.58999633789062,0.23813102444297002,0.44898500253357243,0.1653512709378689,0.11748125316696556,0.13688171891060377,0.5388183027146104,0.48473437732692276,0.48631811380557366,0.0,-0.05394635068103604,-0.04885428100014667,0.7115133600509739,99.0,1.0
SYF,11.833333333333334,75.55000305175781,0.23783880538878083,0.2848763201969562,0.09861847173514918,0.3574872488107845,0.8274602701031804,0.14892411953629575,0.6294048596566498,0.7755709423609517,1.188477447524756,0.039903152868829804,0.04100539574152083,0.508809158393323,0.0,0.5913034095238603
TFC,41.333333333333336,49.529998779296875,0.23719925536606762,0.420351690015797,0.1273005514217874,0.09801354544849293,0.5678682780014737,0.2816533579185373,0.5037828447347221,0.5217792280094976,0.06455640242752016,-0.04166430614954389,-0.0264410279578059,0.15172125259390634,51.0,1.0
J,46.166666666666664,125.41000366210938,0.23667807899470225,0.4321013842644378,0.017598956252411434,0.2930264013759749,0.6742700364226665,0.25546187458804714,0.4788812524971063,0.7896186868398298,1.4812202087627968,0.046676589890033114,0.05009993388331214,0.48776856710980254,0.0,0.7586958518632861
SATS,18.333333333333332,130.47000122070312,0.23664432303165617,0.31111111111111106,0.47533298643965255,0.25,0.9840521434692825,0.014800208136208465,0.960374286694831,0.960374286694831,0.0,0.03360039804082817,-0.03596480597348976,0.34981200786112054,0.0,0.38245336522973106
MCK,31.5,862.7899780273438,0.23600928468108517,0.5317416629488434,0.17809924182613956,0.4646770786860541,0.8474503891120237,0.13634636834099725,0.5987075529322623,0.6530577162604525,2.3205163915861675,0.05651059348962052,0.05687582742069764,0.9471180151419843,0.0,0.5453553529115053
ZTS,13.25,121.11000061035156,0.23450250935365816,0.44330046719712446,0.10388359945440087,0.08329225066307219,0.37173390749085417,0.5141412984533268,0.42668757572264565,0.6400941224207521,1.5019877201791425,-0.03572736805063559,-0.01797852543912115,0.44717139112310933,52.0,1.0
LEN,46.166666666666664,88.83000183105469,0.231845529943848,0.49685243306628735,0.0,0.19725093615269607,0.3939980586582064,0.5265149953188809,0.6415845718827418,0.823023088372469,2.374114328193912,0.04694636170893185,0.044450187230539215,0.2212876854290099,25.0,0.8905572991988622
TRMB,35.833333333333336,66.51000213623047,0.2311876965442434,0.4949502105203635,0.0124736506891443,0.11536733837958998,0.6080021357916052,0.31070573521896694,0.507975937180194,0.6825368890351979,0.9775112065071376,-0.020848226842360974,-0.00821239382032915,0.005441396253283215,56.0,1.0
CPRT,32.166666666666664,33.290000915527344,0.2310068749987498,0.5191569460934313,0.0,0.2286239619488698,0.4739313812427295,0.48291391215056384,0.5445123287045207,0.8287939882076699,5.097041564580252,0.05449081168250294,0.04676138729723973,0.3312354494172306,24.0,0.9099099771698832
AOS,41.333333333333336,66.93000030517578,0.23058181123676513,0.43064490385599435,0.0,0.2332953987774695,0.5648022072162706,0.27604107610034523,0.57332874580824,0.7329408915631229,0.7400177297102624,0.02201420480886981,0.036444331518484537,0.034819694857896155,25.0,0.9730665446623697
TKO,26.583333333333332,195.3699951171875,0.22877606838098227,0.5199562456641794,0.14307881677241382,0.4439078833822312,0.8499453070802242,0.13911169024671985,0.6284519188503537,0.7340254285054093,3.370393061353473,0.05495429464521103,0.0537925152604014,0.8757877837752137,0.0,0.5201374797112032
SWKS,41.333333333333336,57.279998779296875,0.22741714822100884,0.43204840919375875,0.1792531275896401,0.12339384482553178,0.05990900552575044,0.7192156922583487,0.4672903213159574,0.48720691317255355,0.0,-0.05354777189437537,-0.05023196614950069,0.7335484385412536,60.0,1.0
BLDR,20.916666666666668,87.7699966430664,0.22728665561716407,0.47888888888888886,0.0,0.22609268931864257,0.38293630438354526,0.5911970289211268,0.6156538710183517,0.721759961266016,7.5,0.04891088811487948,0.05021853786372851,0.3611467498422992,25.0,1.0
PODD,19.0,201.49000549316406,0.2269632217828722,0.43754933182774475,0.0,0.2077739562070971,0.5328887352797621,0.4322306054980484,0.5928801983874883,0.8499519690555548,3.7479245167858197,0.005372259609970278,-0.0045768165406133736,0.0022503046097602786,35.0,0.9465453083867958
UHS,41.333333333333336,181.9499969482422,0.2257701730340884,0.3710810272886958,0.09016751271176555,0.271143376151657,0.6445646599277404,0.26135673447917035,0.5189642658090586,0.5737654822035282,0.8389571646921902,0.049431447729323764,0.044423657231230464,0.5617291896018106,0.0,0.7453822077924572
DVA,30.583333333333332,149.4499969482422,0.2256897224648815,0.3593708062497817,0.04469020094675946,0.27221389160977055,0.7786343014541727,0.1678730964958651,0.5770925364302176,0.6875437462193389,0.6476958438259478,0.04075156140093128,0.031189938220373623,0.3490521934798754,0.0,0.7880845683521511
LULU,18.833333333333332,160.60000610351562,0.2251396343613571,0.45240104238942197,0.0,0.17671686962235306,0.24159615423755704,0.6889947490312077,0.5954852405259119,0.7501006757206052,2.0461280538868385,-0.008987465337064264,-0.03953635832011147,0.3648585893847578,28.0,1.0
MAS,41.333333333333336,64.91000366210938,0.2240230834082538,0.4381786444592411,0.014633423015595655,0.1754093355870966,0.6348249597569231,0.25132634432664297,0.5052790279892482,0.679513207778166,0.7632259946985165,0.04009531699757512,0.031852741100806055,0.2757244253975867,25.0,0.9104960232989574
COR,31.083333333333332,319.8999938964844,0.22322225909233454,0.5223676581338357,0.1426937170243717,0.4714347562512348,0.8135592814618923,0.15267259984071108,0.5264911318656497,0.6114575387241911,1.3891488984963576,0.05579698322108796,0.05646988640695968,0.9276381702498384,0.0,0.6535731165314107
COF,31.5,199.83999633789062,0.2223981295266903,0.3873413458822819,0.0,0.2698463646951102,0.7301930411554931,0.23031896062522714,0.5928984399741143,0.7478800762270718,1.2086842185572575,0.03270453074495424,0.04242341042036016,0.4200137005956588,0.0,0.6853720031913928
ES,41.333333333333336,69.01000213623047,0.22197551120521264,0.413475629214631,0.10052222115260527,0.0856099284637935,0.3776095368999376,0.30587403533279955,0.4938601405098469,0.5664320597915312,0.029074314993638526,-0.050750334275202154,-0.05166081343387137,0.4888555299851537,74.0,1.0
CTSH,27.916666666666668,60.040000915527344,0.2215711408403078,0.3912521929425205,0.0,0.2602810546531983,0.3746726806538416,0.35765486111677947,0.6253273193461584,0.7933080396149166,0.43439144706890415,-0.0003746212622609603,0.007680579701074589,7.372016560991401e-05,49.0,1.0
OKE,41.333333333333336,84.83999633789062,0.2214154073876809,0.42561742954360343,0.0,0.30244395189494166,0.6862430043923227,0.28144324081327393,0.510338996597388,0.777027055558849,3.59786188725248,0.050475379601498255,0.05183583211462294,0.5471780684530172,0.0,0.6928940270182792
FSLR,19.5,200.61000061035156,0.22118879222296664,0.5266666666666666,0.0,0.21069262263497243,0.6224885589090999,0.3460572813678624,0.6763984158635089,0.7695513158367895,3.560250391002747,0.052785044014059555,0.047138524526994484,0.5463290962431229,215.0,1.0333474960155642
WBD,20.833333333333332,27.3700008392334,0.21750865600482464,0.35641525025919363,0.14440559103375944,0.09760239615732547,0.28993008546849286,0.6497312381236181,0.3267132907594887,0.7065940562639274,0.0,-0.041897482960336456,-0.04779676146808184,0.0684124053960149,61.0,1.0
CMCSA,46.166666666666664,28.139999389648438,0.2164237637590105,0.39471631631218307,0.11244301443784784,0.07672872872356212,0.1185958260696769,0.5141524299550893,0.542579779787013,0.542579779787013,0.0,-0.0517655353106305,-0.03583671470537951,0.5508729900039934,55.0,1.0
IVZ,30.75,24.719999313354492,0.21616029504422862,0.5199667752356848,0.0,0.03269433979981874,0.5722308608352324,0.3567525600559211,0.5619344811763288,0.9944782727066396,0.8181818453597691,-0.027708058602179085,-0.01775040311582933,0.005081225435639269,305.0,1.329690295819199
DG,16.5,119.58999633789062,0.21533471177140615,0.3247330875988528,0.19191384707966933,0.12975421742398444,0.27323684154869565,0.5439151815907106,0.4677945372537164,0.46889365395912713,0.006972852447489366,-0.047309523964443295,-0.05222557623291776,0.6803576945043186,48.0,1.0
SMCI,19.166666666666668,27.200000762939453,0.21366064193416257,0.45555555555555555,0.0,0.23084622740339172,0.21589512834752245,0.778681851706796,0.6894879098042581,0.703541445915739,10.965881460810227,0.04336233395582307,0.051169245480678346,0.37685430321444346,25.0,1.0
WFC,41.333333333333336,81.69999694824219,0.21360222339738788,0.3735923971280001,0.0517856365232186,0.3723352763400234,0.7914285092185749,0.16427991854591362,0.6183116809222808,0.7616381216336107,0.7533719231485512,0.04748049537050319,0.051181353424289706,0.713405081694508,0.0,0.6782937408920008
ADBE,39.75,235.72000122070312,0.2132148695616384,0.5316464710409723,0.0,0.0022251245809978915,0.2386283550710991,0.6630356968512109,0.5968909655800065,0.7648556312608991,1.4806863161930208,-0.029866229382565685,-0.016567560919713207,0.22946138451107378,53.0,1.0
ALB,32.25,189.86000061035156,0.21291498282538968,0.39273849009841155,0.10775912256056866,0.07241557555930407,0.4934887871719335,0.4324913838351607,0.5480991600187447,0.5491372284152038,0.011045222382262477,-0.036967714995716466,-0.03660199670358923,0.5063690772698635,41.0,1.0
DXCM,21.083333333333332,62.95000076293945,0.21142042865332034,0.5077440714042702,0.0,0.03329120036644897,0.339120988956426,0.6181666564702308,0.5067846389739429,0.7056273418095427,4.078367148420638,-0.03913981797695726,-0.04557020570216579,0.42856681348799086,53.0,1.0
PSX,14.083333333333334,158.75999450683594,0.20929256592328624,0.3951480891683088,0.04808804735281488,0.3619420786778932,0.7884704378822519,0.1670951471671415,0.6614863430696069,0.7816669041247319,1.24125863665924,0.049579506318432075,0.049694328159128255,0.7107939953103667,24.0,0.9132784285904925
AVB,32.166666666666664,171.0,0.2084328336433932,0.39146955872793204,0.0,0.20738004060888146,0.375000040616456,0.3398957419111627,0.5621095472391587,0.7472164726994615,0.3548278631148306,-0.0167381000244433,0.021666380584359803,0.13443923085483211,49.0,1.0
USB,41.333333333333336,56.09000015258789,0.20641722098201037,0.40848485510858207,0.10881498797006628,0.14393940221906087,0.7939394022190609,0.1176655588822559,0.716528894440809,0.716528894440809,0.0,-0.03109539142780767,-0.018685551672470338,0.04325158921280403,51.0,1.0
ADP,41.333333333333336,195.0800018310547,0.20563268413545613,0.44829759064455726,0.0,0.22712333312045,0.4508694254109145,0.40872304379202723,0.5773099059102411,0.9939006563397412,1.230440994556143,0.05305736517249112,0.04880394561767865,0.3595835284927432,40.0,0.8332677220342783
CMG,20.333333333333332,34.91999816894531,0.20315451480584773,0.449776482371074,0.0,0.18319547411958403,0.4660104650896298,0.49582308445589063,0.6143801103076053,0.8715275748700567,5.009615535583097,0.049666405716776225,0.041639094823916804,0.250881116074959,24.0,0.9359961137798888
AKAM,26.583333333333332,88.83999633789062,0.2026723151515739,0.46826427720531216,0.0,0.0614664170777961,0.5228347913764008,0.31222421926727806,0.6342877749599326,0.86944541128267,0.5119820790398412,-0.022624029950664468,-0.0400010791177167,0.21976332832509693,315.0,2.674769721279319
PEP,41.333333333333336,155.72000122070312,0.20083063376574162,0.3907894051749703,0.0,0.17805948678301392,0.5922329832912182,0.20906137058767726,0.552902752507708,0.8055715938990838,0.329997865614509,0.010651315049993696,-0.004814666326535049,0.16526926922477447,35.0,1.0
KHC,10.833333333333334,22.110000610351562,0.2005830697548053,0.2800943753592956,0.24037318164800806,0.1261275010073097,0.027256375989878547,0.7738569973458259,0.21425818443993358,0.6968429971795328,0.05227614248419234,-0.05370422750640759,-0.04091464864306831,0.7081082197518783,110.0,1.0
INCY,32.5,97.69000244140625,0.20003956402170564,0.36385480911995993,0.0,0.21799056149488658,0.46092539859936676,0.36212859069758824,0.5884526125245848,0.9761367376441052,0.0,-0.004336020655274258,-0.04580357185898906,0.06257646093573499,109.0,1.0
BMY,41.333333333333336,58.08000183105469,0.19858116945127152,0.37920101691414915,0.09304889019030546,0.057334604476019756,0.44499884988111815,0.28683693406269745,0.5697315537335723,0.5697315537335723,0.0,-0.0339652619614048,-0.04265661357376801,0.40276452339547675,40.0,1.0
QCOM,34.416666666666664,132.83999633789062,0.1979556563394781,0.42506167113462867,0.0,0.11172395154250653,0.46289884846512963,0.42401251560745895,0.6032295255341775,0.8503406528105777,1.0895798671973203,0.02622584097481847,0.02105452526653209,0.07628888589159588,51.0,0.8393530665249579
MMM,64.33333333333333,152.5500030517578,0.19583791136613682,0.3649949107365522,0.0,0.19935978828606374,0.5567011112877609,0.29764865322645856,0.5650178124220672,0.7770130510426438,0.0,-0.007576062016155187,-0.011987299867232085,0.0473643282473456,99.0,1.0
CSGP,27.833333333333332,37.599998474121094,0.1955644299857101,0.458527681315356,0.0,0.24278014686859517,0.23671924112453535,0.6279070030818071,0.7540178841233881,0.9453996594275261,0.9389576098651702,0.0008663823757685773,0.00023710719352062072,0.06452469075137435,54.0,1.0
OMC,41.333333333333336,76.4800033569336,0.19462304031654862,0.3745359815011155,0.0,0.18057853617690972,0.5116800537109375,0.2852336134866019,0.650719970703125,0.8901291177796374,0.49056183890010535,0.037120753699150764,0.041115707235381944,0.06441918671823577,33.0,0.9273832089433046
HSIC,30.5,77.19999694824219,0.19330890259134925,0.4011286588657379,0.0,0.13142975618021632,0.6954553846292396,0.1670263628178808,0.565217361937683,0.8793999938114802,0.43393071707378345,-0.021173759902267802,-0.006409095725931073,0.16553501559848305,48.0,1.0
ABBV,13.333333333333334,210.25999450683594,0.1908605354373666,0.3694519868802665,0.14772321041466638,0.4765100532793711,0.817918293826907,0.1411298696798054,0.48079050098344805,0.6551525725496522,1.3784962485924384,0.05414660103258845,0.05555539553772872,0.8530189154364493,0.0,0.7470691606288459
BX,18.916666666666668,126.33000183105469,0.18918750492861144,0.33149482525269963,0.0,0.2430533421869821,0.5819281698790137,0.3713674481961623,0.5558792227266625,0.7677963412202284,2.559910710599064,0.04178875459394884,0.05045918434644374,0.3185724309934449,0.0,0.7453224212544841
BRO,41.333333333333336,66.54000091552734,0.189056610549994,0.40720438700000433,0.0,0.23566933748091257,0.4551568533964696,0.4705601467699306,0.5747846454999848,0.8329772779522828,2.6014005404247147,0.05403249083724396,0.05033277074618143,0.45798345121550843,0.0,0.7001113753191637
URI,28.416666666666668,771.010009765625,0.1889699216488635,0.47718540342721827,0.05246173879568732,0.3888391881048228,0.7398196947598539,0.24519561819824898,0.5147926676462891,0.6265535656860377,4.526941760604314,0.05545809032784105,0.053471486764160005,0.8244430740609092,0.0,0.7169765300227704
AES,34.916666666666664,14.399999618530273,0.18867120781747046,0.448057223400178,0.054226996327456804,0.032327993725774336,0.28879706331359795,0.5182335258421815,0.5853994124262714,0.6240822051415604,0.1664612131466891,-0.04974277222645307,-0.04761366245890495,0.6877424186185448,306.0,2.436015439505715
CRM,21.916666666666668,171.30999755859375,0.1883001222073875,0.44166492881842556,0.0,0.10088565388708999,0.34663052304987674,0.5357452640688516,0.6791155631251898,0.8467814746003984,1.4615385145455215,0.029159300804297315,0.023775965451246862,0.07757631483552274,25.0,0.8637127139704014
CVS,41.333333333333336,77.62000274658203,0.18748390457170794,0.3961184700714171,0.06112950851187603,0.030564754255938013,0.5031762751410618,0.3022921101430829,0.6144186880833735,0.6144186880833735,0.0,-0.039698699104337376,-0.03596776272066905,0.4232348267680105,129.0,1.0215730474236306
ACN,24.833333333333332,190.3699951171875,0.18434941831482377,0.41558254373619663,0.0,0.19453882022988814,0.2646820437198844,0.5438819336695822,0.7153963662224149,0.9207070938389783,0.6335357446881413,0.007226994390578806,0.005952754696942305,0.12316510850504758,52.0,1.0
TSLA,15.916666666666666,364.20001220703125,0.18406276586845696,0.37472399453303246,0.0,0.19360922920486517,0.7235698137840951,0.26989150209343016,0.6804910126699407,0.8347690093224586,10.763377433027465,0.026872061906763632,0.023794652928760075,0.1961344077516438,53.0,0.8309377638506024
TPL,46.166666666666664,412.20001220703125,0.1839728569506433,0.4,0.0,0.28544279013204443,0.6903195435964036,0.3010162739835992,0.7056288787089435,0.8347125638074403,7.5272405050999,0.049183298793511805,0.05402464930712818,0.6157136211174103,0.0,0.5160699856746054
COO,43.333333333333336,71.61000061035156,0.18240374577370871,0.4166436549126466,0.0,0.06298513523460021,0.4313001801075943,0.38212643779174094,0.6497592099405598,0.9226421042146729,0.6248274118448497,-0.022441783771847974,-0.018368759411894406,0.2084189122566975,55.0,1.0
DECK,32.583333333333336,107.80999755859375,0.18179322642913215,0.4,0.0,0.21597380955073464,0.46378127078133574,0.5186623822881957,0.6696156324282453,0.7696361273520066,8.644546233287562,0.049876970353730184,0.048194761910146926,0.42267322079701686,0.0,0.7114995395044797
ROP,34.25,354.0,0.18146045265823715,0.44517387029792294,0.0,0.12256345907471408,0.4467182277862247,0.40521193916891807,0.6471815959442824,1.0,0.9655324568279153,0.051678554384118815,0.02951269181494282,0.0498213089821693,24.0,0.9493086281626025
IP,64.33333333333333,36.540000915527344,0.18086216028542199,0.3765039606342421,0.0,0.20969247662909485,0.3009427968074369,0.4235697537296565,0.6974911638404613,0.8168004005124223,0.16127970475681536,-0.004836902804508616,-0.004207146163638422,0.01013917475482462,99.0,1.0
AJG,41.333333333333336,219.91000366210938,0.1805938082720419,0.4261868292555274,0.0,0.27721803142150026,0.5727068516518609,0.3738860667271695,0.5083460976056541,0.7241922914296296,3.4419132852432397,0.056764067019489245,0.0538968989704182,0.6930055890858626,0.0,0.7291518323970456
PAYX,41.333333333333336,88.8499984741211,0.18033529815857333,0.39806523151453044,0.0,0.151974270972757,0.36147126374281036,0.4489581031558078,0.6685190452375558,1.0,0.7850428003942678,0.04353234617695805,0.035394854194551406,0.03584830229411051,48.0,0.8801785743858844
T,42.5,25.6200008392334,0.17963227348372204,0.4,0.0,0.10146497582306209,0.6181683770972853,0.22713874812930562,0.6622870795829504,0.7982885627172582,0.0,0.02357604065425438,0.014586396255036384,0.4092658497903756,327.0,1.365629971616654
TMUS,19.083333333333332,190.0,0.1795281333399718,0.36694352715400236,0.04516980398985025,0.2970022939100034,0.6363216166848595,0.3128141823906868,0.4830543833859743,0.6565321604639063,2.2304112770624522,0.051259692575340556,0.052942354771277865,0.7165071422566778,0.0,0.6099316624326823
CPAY,15.416666666666666,320.4800109863281,0.1792708544578329,0.285285220654546,0.04084621411298355,0.2547799368357554,0.7123778641951387,0.20041911893807568,0.5503598086261903,0.642815300241823,0.6790651655912037,0.045500454122486544,0.03585006516155286,0.4894337643134593,74.0,0.8229585292599778
NXPI,15.75,209.88999938964844,0.17776891682553794,0.37417637322150427,0.0,0.11239347014774488,0.6373543484798614,0.29110372565347437,0.6226700824690182,0.9023780731925102,1.5353534792801724,0.03624415612740612,0.02747869402954898,0.13941094628145434,25.0,0.8925291196645128
PPC,38.416666666666664,35.09000015258789,0.1773044855154725,0.29124687543266914,0.048963110662299844,0.2704681958498121,0.4879350350851475,0.38610916294156405,0.5450116471073078,0.6314516450727802,0.4196300489880641,0.05026360100793705,0.05026958861139727,0.5512705589062655,0.0,0.717284816470416
NEM,41.333333333333336,119.30000305175781,0.17322644329158737,0.32386683222209556,0.18594423303488572,0.38106358202882307,0.8527688430020541,0.11551009243060917,0.926289919248429,0.929451923051707,0.012388183653391822,0.00860463131678773,-0.03746935103200771,0.12265303553162543,0.0,0.6403469722708173
BF-B,41.333333333333336,29.209999084472656,0.17159495811675102,0.4482380661602958,0.21221127739614665,0.138769804922592,0.10857046183125296,0.6497602092320246,0.4487579925719142,0.46268655364482814,0.0,-0.053653763260900274,-0.055031280685846985,0.9014740766174738,67.0,1.0
UAL,20.25,97.19999694824219,0.1698142204578482,0.4111485354919767,0.041200298671875274,0.30798293988886866,0.7829602389375002,0.18463218106925827,0.810472327683436,0.9269200442534147,0.8921349297056275,0.044788834426019664,0.04000454019027369,0.6097972914939382,88.0,0.820820394477012
LDOS,19.583333333333332,156.1699981689453,0.16852488594343046,0.3184403467574651,0.054924406932104174,0.3246849948354619,0.7047267227509059,0.2410458525229948,0.4890463143480349,0.6358851302223467,1.0264620263501798,0.05096821377709565,0.0464867576005099,0.7221147394602165,0.0,0.6847937052843224
HRL,41.333333333333336,20.760000228881836,0.1652191128070845,0.4330910554987555,0.1808914499123041,0.12469715270677771,0.012647327464174851,0.6232988568506314,0.4754239862105112,0.4754239862105112,0.0,-0.053262501666926323,-0.05462753844591759,0.8696505822251827,48.0,1.0
BSX,34.0,63.81999969482422,0.16518759186921894,0.42274864273821067,0.031190097126693583,0.26669235606155983,0.4914839102307416,0.4171689525586829,0.5444728920065913,0.6563338640226289,1.4580578691706234,0.05436612029418921,0.05125323950011342,0.7528154447486213,0.0,0.6793607250196204
KKR,15.833333333333334,100.43000030517578,0.16446106749036993,0.2964651938198045,0.01283304160019911,0.25483068372965334,0.5592996389017807,0.410622042825978,0.5525603020931852,0.6820337417597212,3.109200382224134,0.0495675337985864,0.05129428273542399,0.592437320410696,0.0,0.6072770367573854
SBUX,33.916666666666664,98.47000122070312,0.1643219201815136,0.40667694938693566,0.0,0.0066045617069571926,0.6472451145663017,0.22047180605924438,0.5815072272205198,0.7925081268921208,0.5104497501602745,-0.03556579747674835,-0.01074559313203742,0.1424022236469693,57.0,1.0
CDW,12.916666666666666,130.0399932861328,0.1636675498343862,0.3811671889505185,0.0,0.0448026970167151,0.4089196069236562,0.5062459820896795,0.568692616450963,0.8529822340465415,1.9888890380231472,0.030496506974688822,0.011724297721268952,0.05726935068055916,24.0,1.0
MKC,41.333333333333336,53.84000015258789,0.16114767789218978,0.3580554479727874,0.03773789200647336,0.01886894600323668,0.1510391978762128,0.4984629630379816,0.6143106164667103,0.6471669511909373,0.07220218377648491,-0.05136941653211757,-0.04750172048016446,0.5283281689946115,49.0,1.0
BDC,32.5,130.25,0.1608467270581898,0.4581025258661674,0.057692704648502194,0.39416302377399903,0.7788024954957067,0.18588664586573048,0.5873559402111977,0.6696345806095836,1.370790801352261,0.056333994019327725,0.05613148935681508,0.87074607102926,0.0,0.6196011866357085
TYL,41.333333333333336,322.30999755859375,0.1605599934443241,0.41944268092599063,0.0,0.10779772309480957,0.35069908840351005,0.5126188946961501,0.7232139493566598,0.9931351504856886,1.0380718880637825,0.03303049488620759,0.026559544618961917,0.09537908390109184,53.0,0.8430992875524589
FTNT,16.5,78.69999694824219,0.15937581177319485,0.30033679508220273,0.0,0.27005594370493097,0.6689821762282872,0.3145793663349942,0.5521545505456239,0.7966626290905426,6.737635538366449,0.05211695379396529,0.05179722139144476,0.5085570204723648,0.0,0.7075422233033817
HPQ,41.333333333333336,18.989999771118164,0.1579596805408116,0.4070144275206844,0.0,0.14376324434391263,0.2546418815487835,0.5420786300426305,0.7374005033288007,0.9301546691308769,0.5526082064051329,-0.012748410678730483,0.0012581574953840738,0.23748231234170947,48.0,1.0
BKNG,27.166666666666668,181.1199951171875,0.1557350942390953,0.4117260303629683,0.050135777483990646,0.3466449139704673,0.7228704828458354,0.22457921891800206,0.5619912585430737,0.6298099115224131,1.2188676950732926,0.05450198711807477,0.052026398372461154,0.8199844969484239,0.0,0.6709581991712256
UPS,26.5,103.22000122070312,0.15550448443035242,0.43577016209941755,0.18814736362243065,0.12804603595760533,0.1398629122724231,0.5583604283690214,0.4707355496593525,0.4707355496593525,0.0,-0.05383419895236159,-0.0469563600345397,0.903027880052473,50.0,1.0
MDLZ,24.916666666666668,57.84000015258789,0.15467937051069927,0.3813225367359737,0.0,0.00860142326523905,0.495992297591246,0.2640284661178757,0.6038376949554078,0.9076305517328881,0.368252358853136,0.03329198126419403,0.00672028465304781,0.00614385511354909,36.0,1.0
ULTA,18.583333333333332,533.0900268554688,0.1540226020136409,0.3812106440388089,0.0,0.1534077130076835,0.6922088373988364,0.25438822789828436,0.6869965192596259,0.9777456137778345,1.4910117062769896,0.04837794637113348,0.027239775121769418,0.3063981136250823,25.0,0.8038939162722976
RCL,33.083333333333336,281.5299987792969,0.15385207089772643,0.4442447776052916,0.006632465008268029,0.3183479493205774,0.7553059720066144,0.23184174957899897,0.6808351279163292,0.7048686630586438,2.3818181025517453,0.05124700442782228,0.04760839546279261,0.7895459718604774,0.0,0.39186901805508184
BR,19.166666666666668,158.61000061035156,0.15373387597905705,0.32905630916020207,0.0,0.21920955897112276,0.47053600568566184,0.4166819959759581,0.5692321810912098,0.8666050062203232,1.4853246115160128,0.054010444611916196,0.04664421044359668,0.507130904194573,0.0,0.7731970235064249
GIS,41.333333333333336,34.70000076293945,0.15179597258056393,0.3333333333333333,0.0,0.23498811025656904,0.011609496308298942,0.6182198152056377,0.736323689250525,0.736323689250525,0.0,-0.0018014267692117148,-0.02384385147580317,0.3427414910318364,35.0,1.0
ERIE,30.583333333333332,249.42999267578125,0.15142440785722183,0.3511748280407553,0.0,0.20595285989010215,0.3438512801866908,0.5440036696969264,0.6905690970443132,0.806043130919462,1.1338112103056646,0.04925778273325414,0.04619057197802043,0.43988481810121816,0.0,0.7684460627749372
CLX,41.333333333333336,104.44000244140625,0.15105453667422297,0.3601545154102155,0.0,0.02797092204054711,0.054325809953960455,0.5645974712661227,0.5216814182864681,0.7856766677075614,0.0,-0.04715837327394875,-0.044071238303711624,0.4501895868496679,68.0,1.0
SW,17.916666666666668,42.099998474121094,0.1510154718259545,0.2966916352327208,0.0,0.1293552709314648,0.5357788259956006,0.29915101235220193,0.6266339587492366,0.7155457298655297,0.43352059757873884,-0.014477367488224225,-0.0016560650101808442,0.015307155152103014,56.0,1.0
LVS,21.416666666666668,55.52000045776367,0.14998569251997396,0.3582240744022146,0.0,0.243366526683689,0.506752946893672,0.31835478774733245,0.7660262190967875,0.9687274184844713,0.04501389134994255,0.0007960167979573223,-0.00385548448680258,0.178183027233071,222.0,1.8263965632971875
IQV,13.0,175.27999877929688,0.14820969853177135,0.3542009737750476,0.0,0.026117236087009176,0.508333363082534,0.3862959708374987,0.5268717389563743,0.7831877164719526,1.1998038867908019,-0.0328664859049288,-0.024589717691944905,0.32397176017023166,52.0,1.0
ARE,29.0,45.38999938964844,0.1447106124780017,0.4285605250808272,0.16862126336374836,0.11903398968436738,0.02152471690408139,0.7982218270485595,0.48335241444188565,0.48335241444188565,0.0,-0.05351521329981805,-0.05544244305338078,0.8974775796129991,52.0,1.0
AXON,24.916666666666668,380.8599853515625,0.14229850396333638,0.3988888888888889,0.0,0.2286553130191836,0.41862927035528585,0.5700966309615497,0.7049289846890184,0.7622319371875658,9.207799301630638,0.050844692742586114,0.05073106260383672,0.7003208655559405,0.0,0.37234739195474337
APO,15.166666666666666,114.81999969482422,0.13928409610371428,0.29900758043772024,0.03142221361271141,0.28288876992981754,0.5738986335443099,0.39405775309365115,0.5385756786368862,0.656008900942204,3.0350877192982457,0.0518059314940371,0.05404808109875567,0.7239108496404085,0.0,0.6182384195988909
DLTR,31.166666666666668,100.66999816894531,0.1365002594849775,0.3339756387859403,0.0,0.1052444545522162,0.3459269751720567,0.4318528315262302,0.7001452350016844,0.7018851043917886,0.004817290894552201,-0.017370665453734054,-0.027594275106443123,0.20970311782129514,48.0,1.0
PM,18.166666666666668,159.47000122070312,0.13550593183016235,0.23499105846603255,0.018409521045869293,0.3258001188840467,0.7647276168366954,0.166387879368945,0.7145391560234248,0.8913785312856869,0.5574005708084045,0.04697096321387931,0.047214500409470256,0.6476229612074357,0.0,0.64584422938211
GEN,36.916666666666664,18.90999984741211,0.13523937000716985,0.3601322744815147,0.0,0.16413087356700082,0.19863730542833094,0.44707604018816943,0.7568134103796849,0.8610613785762002,0.021825391944693955,0.014133042149273578,0.011381244962189457,0.02101252029928924,103.0,1.0
ORCL,40.166666666666664,163.0,0.13198119295179467,0.39929116122179964,0.0,0.2472965488625527,0.40694579726286995,0.5285201914136783,0.7532294643648776,0.8144521573187886,1.4946837091634972,0.04997268694562871,0.05445930977251054,0.6888201196624719,0.0,0.384039117793773
LITE,10.833333333333334,852.7899780273438,0.13125941695919568,0.25306004919651787,0.23368353460849034,0.2596513073371344,0.8858496359821482,0.11167710622151693,0.9813830913584455,0.996825824508249,0.6995192197476614,0.02714379943740165,-0.04058012164277842,0.24533832138612288,0.0,0.11675000190734863
ALLE,12.5,147.02000427246094,0.13040947063005165,0.1888235665077043,0.0,0.21952017610787974,0.7033048625536092,0.19709462190810778,0.5741532745619904,0.729171067627757,0.5607613557211646,0.03348309258884026,0.036396868036710564,0.37137932661797846,55.0,0.8120801510162623
CPB,41.333333333333336,20.0,0.13031953061195303,0.36499999999999994,0.0,0.005629530274870217,0.004779707966367561,0.7054058008571803,0.6866168256216383,0.8692449980143702,0.0,-0.029324456367015573,-0.04460446208845474,0.4507104281048163,117.0,1.0
HAS,41.333333333333336,92.75,0.12673752647247047,0.34929066201285314,0.0,0.0,0.6011222541337555,0.2689367226919308,0.6778115821414374,0.901430351264683,0.0321799650963984,-0.03494897679698925,-0.0418638440075133,0.07407419308135532,81.0,1.0
BDX,53.25,155.72999572753906,0.12621880860256493,0.34073371701183025,0.0,0.0,0.33191944205619095,0.31056470159873084,0.6715885961475011,0.7174277831614545,0.055502877588726886,-0.030532877933354765,-0.04083016777201168,0.4460085434584631,33.0,1.0
CL,41.333333333333336,84.16000366210938,0.12569799359468947,0.3050482495436912,0.0,0.09047970226936099,0.5155136281135746,0.2300091371245769,0.6696858326092712,0.8337331992697893,0.17784363222969354,0.04418050424534317,0.0230959404538722,0.28172394605156037,24.0,0.8440072957391962
AMCR,14.0,41.0099983215332,0.12464552156788518,0.2723135971131284,0.04004382960263924,0.05562187706417227,0.307554350395693,0.397354937804461,0.4980793660159246,0.646179378204393,0.30862071596342944,-0.04734938603398551,-0.051267966648879434,0.6761444147949993,46.0,1.0
LAZ,21.0,50.02000045776367,0.12399075624264735,0.34467525387304543,0.0,0.0856435232308726,0.7233831032724457,0.18187764218014504,0.7256219131020478,0.8258776989901421,0.23304675436037284,0.02852874960498877,0.001920119825828889,0.21785650260270106,98.0,0.981354278687784
WDAY,13.583333333333334,117.86000061035156,0.12022714092553283,0.27143891994648095,0.0,0.22964213239353043,0.21210640004860634,0.6213698243621607,0.7480549146102332,0.9139956254391022,0.677458566265274,0.0032128912110587493,0.006283245163804005,0.004597103523010793,26.0,1.0
GILD,34.333333333333336,140.4499969482422,0.11923328297426858,0.3192454989329451,0.1750865967674069,0.37756816939711557,0.8328204339333046,0.10706336738953433,0.9452993272718535,0.9510587118972229,0.09741863839726064,0.05056329129726154,0.0439495470927622,0.6989062602639369,0.0,0.7843474347548257
LUV,41.333333333333336,41.2599983215332,0.11915801855709457,0.3555555555555555,0.0,0.0,0.42923689719551195,0.38408718260538993,0.6994232935681307,0.7548479851832302,0.0,-0.043297217916802716,-0.045961228099933575,0.2494663790723879,100.0,1.0
STZ,34.166666666666664,164.5,0.10987940365200033,0.36168009005046364,0.0,0.17122770057089945,0.35301015600835295,0.40153526058794664,0.8162847660948072,0.9382159882543717,0.21260067537847738,-0.009452675931492063,-0.0240755578402383,0.4002336901648845,24.0,1.0
VRSK,16.583333333333332,170.6300048828125,0.10533947132492197,0.23962963000339968,0.0,0.1744321960632797,0.3842390452164375,0.4716028806279068,0.651868052449092,0.9661413462865238,1.1388888916921645,0.05424943080686354,0.03988643921265594,0.34751209949714434,0.0,0.7803170607260276
REGN,35.083333333333336,755.510009765625,0.1040769172216223,0.3755320244052739,0.0,0.06248532173572756,0.5151357557071378,0.3762301517312276,0.7817477578834997,1.0,0.7558683672032687,0.04011782969805114,0.017497064347145513,0.06380057720594101,26.0,0.8242487263345142
NOW,13.916666666666666,87.79000091552734,0.10164747089413227,0.25222222222222224,0.0,0.1692175712869134,0.33090660152808793,0.633625177148814,0.6979587193452726,0.919636758267869,5.395843175154433,0.048213603623724746,0.03884351425738268,0.3486606415383303,0.0,0.680516480133065
ARES,12.0,112.61000061035156,0.10017869142783861,0.23997472827525118,0.0015830861815394456,0.26137116612603645,0.5335845668653277,0.43831209183966646,0.5556381050241095,0.6977836793458447,5.454470340491733,0.05481628587840721,0.05394721782306116,0.7081501525593421,0.0,0.695712872798013
MCHP,33.166666666666664,74.5,0.09918406827308697,0.3740400475871559,0.0,0.19393381552165806,0.661779972487956,0.2592224298889592,0.8619615813761213,1.0,0.45295876546066854,0.008141538835955742,-0.02539734394922983,0.0736978594882357,24.0,0.9409366365772004
KMB,41.333333333333336,97.16000366210938,0.09529775378906277,0.33777777777777773,0.0,0.22650765137216775,0.0699735032298218,0.3933566343624187,0.8566577217823363,1.0,0.0,-0.0028190818353398713,-0.02639019797527749,0.17473117104092117,68.0,1.0
UNH,41.333333333333336,314.19000244140625,0.09017586389015159,0.40498321749678456,0.0,0.0,0.36969337003464187,0.5018629014465041,0.7887893046762204,1.0,0.8252548691481362,0.04302103468271117,-0.012259934503677,0.1686239043682639,42.0,0.8848477048310993
CNC,24.416666666666668,37.2599983215332,0.08580929013263869,0.32598222181532116,0.0,0.017534797702233505,0.1667346460637387,0.6218410759854563,0.7549299243265318,0.7557521753447828,0.0031999969482421876,-0.02789582427573198,-0.035918118512760874,0.5382797626809812,44.0,1.0
CAG,41.333333333333336,14.279999732971191,0.08358185982378544,0.3605555555555555,0.0,0.0,0.0021849769067382578,0.6573896442318904,0.6926438960311624,0.702363446634049,0.0,-0.04515747253367695,-0.05295032454068503,0.7372997376797736,109.0,1.0
IT,32.583333333333336,149.10000610351562,0.053067527961206534,0.385653719029598,0.0,0.13048326530353474,0.14235851227079244,0.7446961462812042,0.8772037304985547,1.0,0.8096474587004853,0.051908443604510364,0.031096653060706952,0.025881995032863814,25.0,0.8331021736086
GDDY,11.166666666666666,79.31999969482422,0.047116202356023984,0.20208464885274405,0.0,0.1701750595821432,0.2725530855863849,0.6327777791906286,0.76076429243568,0.9444334580938047,1.3989681997289136,0.05053060811883948,0.03903501191642864,0.4256334079386167,0.0,0.5886574144716616
IBM,64.33333333333333,240.27000427246094,0.04446894667034741,0.25231934992603905,0.0,0.23161264746013238,0.6448930759761355,0.2604801206951921,0.6809258922649615,0.7715127964469959,0.3923951244452928,0.05304931505564285,0.051322529492026474,0.79888886495347,0.0,0.635288869218039
FDS,29.916666666666668,223.5500030517578,0.03399632829011913,0.36439838873396546,0.0,0.007011222303153052,0.2161134976867243,0.5527837132945944,0.8932482130984043,1.0,0.2553437343394726,0.029158653323621633,0.000529014975309703,0.11008589319663054,52.0,0.9910576724661075
CHRW,28.583333333333332,168.50999450683594,0.024063625892758636,0.2685457900258882,0.015112684634672746,0.11209014770773817,0.7620901477077382,0.17128947800892835,0.9079917674454199,0.9608934234110024,0.14155253894773173,0.03296015860750183,-0.018343607901631774,0.28998614411083157,0.0,0.5961935946703046
